datetime,pBuy,pSell
2024.01.02 14:00,0.0,0.6977
2024.01.02 14:15,0.0,0.7477
2024.01.02 14:30,0.0,0.6977
2024.01.02 16:30,0.82,0.0
2024.01.02 16:45,0.87,0.0
2024.01.02 17:00,0.82,0.0
2024.01.03 09:15,0.7506,0.0
2024.01.03 09:30,0.8006,0.0
2024.01.03 09:45,0.7506,0.0
2024.01.05 08:00,0.0,0.7477
2024.01.05 08:15,0.0,0.7977
2024.01.05 08:30,0.0,0.7477
2024.01.05 09:15,0.0,0.82
2024.01.05 09:30,0.0,0.87
2024.01.05 09:45,0.0,0.82
2024.01.05 15:30,0.76,0.0
2024.01.05 15:45,0.81,0.0
2024.01.05 16:00,0.76,0.0
2024.01.08 11:15,0.7349,0.0
2024.01.08 11:30,0.7849,0.0
2024.01.08 11:45,0.7349,0.0
2024.01.09 10:00,0.0,0.82
2024.01.09 10:15,0.0,0.87
2024.01.09 10:30,0.0,0.82
2024.01.09 23:45,0.6703,0.0
2024.01.10 01:00,0.7203,0.0
2024.01.10 01:15,0.6703,0.0
2024.01.10 09:00,0.7508,0.0
2024.01.10 09:15,0.8008,0.0
2024.01.10 09:30,0.8037,0.0
2024.01.10 09:45,0.7537,0.0
2024.01.10 14:30,0.0,0.77
2024.01.10 14:45,0.0,0.82
2024.01.10 15:00,0.0,0.77
2024.01.15 13:15,0.7933,0.0
2024.01.15 13:30,0.8433,0.0
2024.01.15 13:45,0.7933,0.0
2024.01.17 09:30,0.76,0.0
2024.01.17 09:45,0.81,0.0
2024.01.17 10:00,0.76,0.0
2024.01.17 15:00,0.0,0.8085
2024.01.17 15:15,0.0,0.8585
2024.01.17 15:30,0.0,0.8085
2024.01.18 15:00,0.0,0.8004
2024.01.18 15:15,0.0,0.8504
2024.01.18 15:30,0.0,0.8004
2024.01.19 08:00,0.8134,0.0
2024.01.19 08:15,0.8634,0.0
2024.01.19 08:30,0.8134,0.0
2024.01.19 08:45,0.7534,0.0
2024.01.19 09:00,0.8034,0.0
2024.01.19 09:15,0.7534,0.0
2024.01.19 09:45,0.0,0.7519
2024.01.19 10:00,0.0,0.8019
2024.01.19 10:15,0.0,0.7519
2024.01.19 23:45,0.0,0.7313
2024.01.22 01:00,0.0,0.7813
2024.01.22 01:15,0.0,0.7313
2024.01.22 10:30,0.0,0.7401
2024.01.22 10:45,0.0,0.7901
2024.01.22 11:00,0.0,0.7401
2024.01.22 14:15,0.7679,0.0
2024.01.22 14:30,0.8179,0.0
2024.01.22 14:45,0.7679,0.0
2024.01.22 15:00,0.0,0.7799
2024.01.22 15:15,0.0,0.7299
2024.01.22 16:45,0.82,0.0
2024.01.22 17:00,0.87,0.0
2024.01.22 17:15,0.82,0.0
2024.01.23 15:30,0.0,0.7033
2024.01.23 15:45,0.0,0.7533
2024.01.23 16:00,0.0,0.7033
2024.01.24 23:45,0.76,0.0
2024.01.25 01:00,0.81,0.0
2024.01.25 01:15,0.76,0.0
2024.01.25 09:00,0.76,0.0
2024.01.25 09:15,0.81,0.0
2024.01.25 09:30,0.76,0.0
2024.01.25 09:45,0.0,0.87
2024.01.25 10:00,0.0,0.82
2024.01.26 11:15,0.7973,0.0
2024.01.26 11:30,0.8473,0.0
2024.01.26 11:45,0.7973,0.0
2024.01.26 22:00,0.731,0.0
2024.01.26 22:15,0.781,0.0
2024.01.26 22:30,0.7953,0.0
2024.01.26 22:45,0.7453,0.0
2024.01.29 16:15,0.0,0.76
2024.01.29 16:30,0.0,0.81
2024.01.29 16:45,0.0,0.76
2024.01.29 22:00,0.77,0.0
2024.01.29 22:15,0.82,0.0
2024.01.29 22:30,0.77,0.0
2024.01.31 08:15,0.0,0.7446
2024.01.31 08:30,0.0,0.7946
2024.01.31 08:45,0.0,0.7446
2024.01.31 09:00,0.77,0.0
2024.01.31 09:15,0.82,0.0
2024.01.31 09:30,0.77,0.0
2024.02.01 10:15,0.82,0.0
2024.02.01 10:30,0.87,0.0
2024.02.01 10:45,0.82,0.0
2024.02.01 13:00,0.8,0.0
2024.02.01 13:15,0.85,0.0
2024.02.01 13:30,0.8,0.0
2024.02.01 15:00,0.0,0.6922
2024.02.01 15:15,0.0,0.7422
2024.02.01 15:30,0.0,0.6922
2024.02.01 16:15,0.7461,0.0
2024.02.01 16:30,0.7961,0.0
2024.02.01 16:45,0.0,0.7805
2024.02.01 17:00,0.0,0.7305
2024.02.02 10:45,0.0,0.7086
2024.02.02 11:00,0.0,0.7586
2024.02.02 11:15,0.8493,0.0
2024.02.02 11:30,0.7993,0.0
2024.02.02 15:15,0.0,0.76
2024.02.02 15:30,0.0,0.81
2024.02.02 15:45,0.0,0.76
2024.02.02 16:00,0.0,0.71
2024.02.05 22:15,0.682,0.0
2024.02.05 22:30,0.732,0.0
2024.02.05 22:45,0.682,0.0
2024.02.06 08:00,0.0,0.82
2024.02.06 08:15,0.0,0.87
2024.02.06 08:30,0.0,0.82
2024.02.06 10:30,0.0,0.8028
2024.02.06 10:45,0.0,0.8528
2024.02.06 11:00,0.0,0.8028
2024.02.06 15:00,0.0,0.82
2024.02.06 15:15,0.0,0.87
2024.02.06 15:30,0.0,0.82
2024.02.07 09:00,0.8113,0.0
2024.02.07 09:15,0.8613,0.0
2024.02.07 09:30,0.8113,0.0
2024.02.07 16:00,0.0,0.756
2024.02.07 16:15,0.0,0.806
2024.02.07 16:30,0.0,0.756
2024.02.07 23:30,0.7995,0.0
2024.02.07 23:45,0.8495,0.0
2024.02.08 01:00,0.7995,0.0
2024.02.08 13:00,0.0,0.76
2024.02.08 13:15,0.0,0.81
2024.02.08 13:30,0.0,0.76
2024.02.12 08:00,0.6877,0.0
2024.02.12 08:15,0.7377,0.0
2024.02.12 08:30,0.6877,0.0
2024.02.12 10:30,0.0,0.82
2024.02.12 10:45,0.0,0.87
2024.02.12 11:00,0.0,0.82
2024.02.12 15:15,0.0,0.82
2024.02.12 15:30,0.0,0.87
2024.02.12 15:45,0.0,0.87
2024.02.12 16:00,0.0,0.82
2024.02.13 15:15,0.0,0.76
2024.02.13 15:30,0.0,0.81
2024.02.13 15:45,0.0,0.76
2024.02.13 16:00,0.0,0.71
2024.02.15 10:15,0.0,0.7948
2024.02.15 10:30,0.0,0.8448
2024.02.15 10:45,0.0,0.7948
2024.02.16 09:45,0.0,0.7576
2024.02.16 10:00,0.0,0.8076
2024.02.16 10:15,0.0,0.7576
2024.02.19 10:45,0.8016,0.0
2024.02.19 11:00,0.8516,0.0
2024.02.19 11:15,0.8016,0.0
2024.02.21 08:45,0.7999,0.0
2024.02.21 09:00,0.8499,0.0
2024.02.21 09:15,0.7999,0.0
2024.02.21 10:15,0.0,0.6952
2024.02.21 10:30,0.0,0.7452
2024.02.21 10:45,0.0,0.6952
2024.02.21 22:00,0.0,0.7308
2024.02.21 22:15,0.0,0.7808
2024.02.21 22:30,0.7926,0.0
2024.02.21 22:45,0.7426,0.0
2024.02.21 23:15,0.7787,0.0
2024.02.21 23:30,0.8287,0.0
2024.02.21 23:45,0.7787,0.0
2024.02.22 01:00,0.7864,0.0
2024.02.22 01:15,0.7364,0.0
2024.02.22 13:30,0.7832,0.0
2024.02.22 13:45,0.8332,0.0
2024.02.22 14:00,0.7832,0.0
2024.02.22 23:15,0.0,0.7751
2024.02.22 23:30,0.0,0.8251
2024.02.22 23:45,0.0,0.7751
2024.02.23 08:30,0.76,0.0
2024.02.23 08:45,0.81,0.0
2024.02.23 09:00,0.76,0.0
2024.02.23 14:15,0.6971,0.0
2024.02.23 14:30,0.7471,0.0
2024.02.23 14:45,0.6971,0.0
2024.02.26 08:15,0.77,0.0
2024.02.26 08:30,0.82,0.0
2024.02.26 08:45,0.77,0.0
2024.02.26 22:00,0.77,0.0
2024.02.26 22:15,0.82,0.0
2024.02.26 22:30,0.77,0.0
2024.02.27 08:30,0.0,0.76
2024.02.27 08:45,0.0,0.81
2024.02.27 09:00,0.0,0.76
2024.02.27 11:15,0.0,0.7325
2024.02.27 11:30,0.0,0.7825
2024.02.27 11:45,0.0,0.7325
2024.02.28 15:00,0.71,0.0
2024.02.28 15:15,0.76,0.0
2024.02.28 15:30,0.7564,0.0
2024.02.28 15:45,0.7064,0.0
2024.02.28 16:00,0.0,0.82
2024.02.28 16:15,0.0,0.87
2024.02.28 16:30,0.0,0.8469
2024.02.28 16:45,0.0,0.7969
2024.02.29 11:30,0.0,0.7399
2024.02.29 11:45,0.0,0.7899
2024.02.29 12:00,0.0,0.7399
2024.02.29 15:30,0.77,0.0
2024.02.29 15:45,0.82,0.0
2024.02.29 16:00,0.77,0.0
2024.03.01 10:00,0.0,0.71
2024.03.01 10:15,0.0,0.76
2024.03.01 10:30,0.0,0.71
2024.03.01 11:00,0.82,0.0
2024.03.01 11:15,0.87,0.0
2024.03.01 11:30,0.82,0.0
2024.03.04 08:45,0.77,0.0
2024.03.04 09:00,0.82,0.0
2024.03.04 09:15,0.77,0.0
2024.03.04 13:15,0.0,0.6884
2024.03.04 13:30,0.0,0.7384
2024.03.04 13:45,0.0,0.6884
2024.03.05 08:00,0.0,0.76
2024.03.05 08:15,0.0,0.81
2024.03.05 08:30,0.0,0.7864
2024.03.05 08:45,0.0,0.7364
2024.03.05 14:45,0.7996,0.0
2024.03.05 15:00,0.8496,0.0
2024.03.05 15:15,0.7996,0.0
2024.03.06 08:45,0.7606,0.0
2024.03.06 09:00,0.8106,0.0
2024.03.06 09:15,0.7606,0.0
2024.03.06 10:15,0.0,0.7573
2024.03.06 10:30,0.0,0.8073
2024.03.06 10:45,0.0,0.7573
2024.03.07 10:30,0.0,0.7466
2024.03.07 10:45,0.0,0.7966
2024.03.07 11:00,0.0,0.7466
2024.03.07 16:45,0.82,0.0
2024.03.07 17:00,0.87,0.0
2024.03.07 17:15,0.82,0.0
2024.03.08 08:15,0.746,0.0
2024.03.08 08:30,0.796,0.0
2024.03.08 08:45,0.746,0.0
2024.03.11 10:00,0.0,0.7446
2024.03.11 10:15,0.0,0.7946
2024.03.11 10:30,0.0,0.7446
2024.03.11 15:45,0.0,0.76
2024.03.11 16:00,0.0,0.81
2024.03.11 16:15,0.0,0.76
2024.03.12 08:45,0.8049,0.0
2024.03.12 09:00,0.8549,0.0
2024.03.12 09:15,0.8049,0.0
2024.03.12 14:15,0.82,0.0
2024.03.12 14:30,0.87,0.0
2024.03.12 14:45,0.82,0.0
2024.03.12 15:00,0.0,0.76
2024.03.12 15:15,0.0,0.71
2024.03.13 15:15,0.71,0.0
2024.03.13 15:30,0.76,0.0
2024.03.13 15:45,0.71,0.0
2024.03.18 15:15,0.0,0.8148
2024.03.18 15:30,0.0,0.8648
2024.03.18 15:45,0.0,0.8148
2024.03.19 13:15,0.7265,0.0
2024.03.19 13:30,0.7765,0.0
2024.03.19 13:45,0.7265,0.0
2024.03.20 14:45,0.76,0.0
2024.03.20 15:00,0.81,0.0
2024.03.20 15:15,0.0,0.867
2024.03.20 15:30,0.0,0.817
2024.03.20 15:45,0.71,0.0
2024.03.20 16:00,0.76,0.0
2024.03.20 16:15,0.71,0.0
2024.03.20 16:30,0.0,0.8508
2024.03.20 16:45,0.0,0.8525
2024.03.20 17:00,0.0,0.8025
2024.03.21 09:30,0.0,0.7501
2024.03.21 09:45,0.0,0.8001
2024.03.21 10:00,0.0,0.7501
2024.03.21 11:00,0.7969,0.0
2024.03.21 11:15,0.8469,0.0
2024.03.21 11:30,0.7969,0.0
2024.03.21 16:00,0.0,0.71
2024.03.21 16:15,0.0,0.76
2024.03.21 16:30,0.0,0.71
2024.03.22 08:15,0.0,0.82
2024.03.22 08:30,0.0,0.87
2024.03.22 08:45,0.0,0.82
2024.03.22 13:45,0.727,0.0
2024.03.22 14:00,0.777,0.0
2024.03.22 14:15,0.727,0.0
2024.03.22 14:30,0.76,0.0
2024.03.22 14:45,0.71,0.0
2024.03.26 00:00,0.8141,0.0
2024.03.26 00:15,0.8641,0.0
2024.03.26 00:30,0.8141,0.0
2024.03.26 08:00,0.0,0.8068
2024.03.26 08:15,0.0,0.8568
2024.03.26 08:30,0.0,0.8068
2024.03.26 08:45,0.0,0.7996
2024.03.26 09:00,0.0,0.8496
2024.03.26 09:15,0.0,0.7996
2024.03.26 09:30,0.7538,0.0
2024.03.26 09:45,0.7038,0.0
2024.03.26 10:15,0.71,0.0
2024.03.26 10:30,0.76,0.0
2024.03.26 10:45,0.71,0.0
2024.03.26 14:15,0.0,0.7433
2024.03.26 14:30,0.0,0.7933
2024.03.26 14:45,0.0,0.7433
2024.03.26 22:00,0.0,0.7441
2024.03.26 22:15,0.0,0.7941
2024.03.26 22:30,0.0,0.7859
2024.03.26 22:45,0.0,0.7359
2024.03.27 10:15,0.0,0.76
2024.03.27 10:30,0.0,0.81
2024.03.27 10:45,0.0,0.76
2024.03.27 11:00,0.8476,0.0
2024.03.27 11:15,0.7976,0.0
2024.03.28 09:00,0.0,0.76
2024.03.28 09:15,0.0,0.81
2024.03.28 09:30,0.0,0.7987
2024.03.28 09:45,0.0,0.7487
2024.03.28 14:15,0.0,0.76
2024.03.28 14:30,0.0,0.81
2024.03.28 14:45,0.8074,0.0
2024.03.28 15:00,0.7574,0.0
2024.04.01 15:15,0.8176,0.0
2024.04.01 15:30,0.8676,0.0
2024.04.01 15:45,0.8176,0.0
2024.04.01 16:30,0.0,0.71
2024.04.01 16:45,0.0,0.76
2024.04.01 17:00,0.0,0.71
2024.04.02 08:00,0.0,0.7323
2024.04.02 08:15,0.0,0.7823
2024.04.02 08:30,0.0,0.7812
2024.04.02 08:45,0.0,0.7312
2024.04.02 13:45,0.0,0.7322
2024.04.02 14:00,0.0,0.7822
2024.04.02 14:15,0.0,0.7322
2024.04.03 15:30,0.8166,0.0
2024.04.03 15:45,0.8666,0.0
2024.04.03 16:00,0.8166,0.0
2024.04.04 22:15,0.0,0.7495
2024.04.04 22:30,0.0,0.7995
2024.04.04 22:45,0.0,0.7495
2024.04.04 23:00,0.8567,0.0
2024.04.04 23:15,0.8326,0.0
2024.04.04 23:30,0.7826,0.0
2024.04.05 10:45,0.7582,0.0
2024.04.05 11:00,0.8082,0.0
2024.04.05 11:15,0.7582,0.0
2024.04.05 23:45,0.0,0.7447
2024.04.08 01:00,0.0,0.7947
2024.04.08 01:15,0.0,0.7447
2024.04.08 11:15,0.0,0.7018
2024.04.08 11:30,0.0,0.7518
2024.04.08 11:45,0.0,0.7018
2024.04.10 10:30,0.0,0.7469
2024.04.10 10:45,0.0,0.7969
2024.04.10 11:00,0.0,0.7469
2024.04.10 14:15,0.8123,0.0
2024.04.10 14:30,0.8623,0.0
2024.04.10 14:45,0.8123,0.0
2024.04.10 15:15,0.0,0.697
2024.04.10 15:30,0.0,0.747
2024.04.10 15:45,0.0,0.697
2024.04.10 16:15,0.8025,0.0
2024.04.10 16:30,0.8525,0.0
2024.04.10 16:45,0.8025,0.0
2024.04.10 23:00,0.7192,0.0
2024.04.10 23:15,0.7692,0.0
2024.04.10 23:30,0.7192,0.0
2024.04.11 09:00,0.0,0.77
2024.04.11 09:15,0.0,0.82
2024.04.11 09:30,0.0,0.77
2024.04.11 11:45,0.7547,0.0
2024.04.11 12:00,0.8047,0.0
2024.04.11 12:15,0.7547,0.0
2024.04.11 16:45,0.0,0.8042
2024.04.11 17:00,0.0,0.8542
2024.04.11 17:15,0.0,0.8042
2024.04.12 10:15,0.0,0.7454
2024.04.12 10:30,0.0,0.7954
2024.04.12 10:45,0.0,0.7454
2024.04.16 08:15,0.0,0.7187
2024.04.16 08:30,0.0,0.7687
2024.04.16 08:45,0.0,0.7187
2024.04.16 11:15,0.7855,0.0
2024.04.16 11:30,0.8355,0.0
2024.04.16 11:45,0.7855,0.0
2024.04.16 15:15,0.82,0.0
2024.04.16 15:30,0.87,0.0
2024.04.16 15:45,0.82,0.0
2024.04.16 23:00,0.0,0.7131
2024.04.16 23:15,0.0,0.7631
2024.04.16 23:30,0.0,0.7131
2024.04.16 23:45,0.805,0.0
2024.04.17 01:00,0.855,0.0
2024.04.17 01:15,0.805,0.0
2024.04.17 11:15,0.77,0.0
2024.04.17 11:30,0.82,0.0
2024.04.17 11:45,0.77,0.0
2024.04.17 15:00,0.0,0.6932
2024.04.17 15:15,0.0,0.7432
2024.04.17 15:30,0.0,0.7488
2024.04.17 15:45,0.0,0.6988
2024.04.17 16:45,0.0,0.7522
2024.04.17 17:00,0.0,0.8022
2024.04.17 17:15,0.0,0.7522
2024.04.17 22:15,0.7795,0.0
2024.04.17 22:30,0.8295,0.0
2024.04.17 22:45,0.7795,0.0
2024.04.18 23:45,0.7944,0.0
2024.04.19 01:00,0.8444,0.0
2024.04.19 01:15,0.7944,0.0
2024.04.19 10:00,0.0,0.7461
2024.04.19 10:15,0.0,0.7961
2024.04.19 10:30,0.0,0.7461
2024.04.19 10:45,0.0,0.7375
2024.04.19 11:00,0.0,0.7875
2024.04.19 11:15,0.0,0.7375
2024.04.19 15:00,0.8174,0.0
2024.04.19 15:15,0.8674,0.0
2024.04.19 15:30,0.8174,0.0
2024.04.19 16:30,0.0,0.7496
2024.04.19 16:45,0.0,0.7996
2024.04.19 17:00,0.0,0.7496
2024.04.19 22:15,0.0,0.7247
2024.04.19 22:30,0.0,0.7747
2024.04.19 22:45,0.0,0.7247
2024.04.23 10:00,0.7448,0.0
2024.04.23 10:15,0.7948,0.0
2024.04.23 10:30,0.7448,0.0
2024.04.24 08:00,0.6819,0.0
2024.04.24 08:15,0.7319,0.0
2024.04.24 08:30,0.6819,0.0
2024.04.24 09:00,0.0,0.82
2024.04.24 09:15,0.0,0.87
2024.04.24 09:30,0.0,0.82
2024.04.24 10:00,0.0,0.82
2024.04.24 10:15,0.0,0.87
2024.04.24 10:30,0.0,0.7926
2024.04.24 10:45,0.0,0.7426
2024.04.25 14:00,0.0,0.7957
2024.04.25 14:15,0.0,0.8457
2024.04.25 14:30,0.0,0.7957
2024.04.25 15:45,0.0,0.82
2024.04.25 16:00,0.0,0.87
2024.04.25 16:15,0.0,0.82
2024.04.25 16:30,0.81,0.0
2024.04.25 16:45,0.76,0.0
2024.04.25 22:30,0.0,0.7289
2024.04.25 22:45,0.0,0.7789
2024.04.25 23:00,0.0,0.7289
2024.04.26 08:15,0.0,0.7346
2024.04.26 08:30,0.0,0.7846
2024.04.26 08:45,0.0,0.7346
2024.04.26 13:00,0.0,0.7281
2024.04.26 13:15,0.0,0.7781
2024.04.26 13:30,0.0,0.7281
2024.04.26 16:45,0.8052,0.0
2024.04.26 17:00,0.8552,0.0
2024.04.26 17:15,0.8052,0.0
2024.04.29 09:45,0.6745,0.0
2024.04.29 10:00,0.7245,0.0
2024.04.29 10:15,0.6745,0.0
2024.04.29 10:30,0.7374,0.0
2024.04.29 10:45,0.6874,0.0
2024.05.01 09:30,0.0,0.7991
2024.05.01 09:45,0.0,0.8491
2024.05.01 10:00,0.0,0.7991
2024.05.01 22:30,0.0,0.8093
2024.05.01 22:45,0.0,0.8593
2024.05.01 23:00,0.0,0.8093
2024.05.02 13:45,0.7402,0.0
2024.05.02 14:00,0.7902,0.0
2024.05.02 14:15,0.7402,0.0
2024.05.02 15:30,0.0,0.77
2024.05.02 15:45,0.0,0.82
2024.05.02 16:00,0.0,0.77
2024.05.02 22:00,0.0,0.7955
2024.05.02 22:15,0.0,0.8455
2024.05.02 22:30,0.0,0.8396
2024.05.02 22:45,0.0,0.7896
2024.05.03 08:45,0.0,0.808
2024.05.03 09:00,0.0,0.858
2024.05.03 09:15,0.0,0.87
2024.05.03 09:30,0.0,0.82
2024.05.03 16:15,0.0,0.8037
2024.05.03 16:30,0.0,0.8537
2024.05.03 16:45,0.0,0.8037
2024.05.07 08:45,0.0,0.6952
2024.05.07 09:00,0.0,0.7452
2024.05.07 09:15,0.0,0.6952
2024.05.07 09:30,0.8553,0.0
2024.05.07 09:45,0.8053,0.0
2024.05.07 10:15,0.8149,0.0
2024.05.07 10:30,0.8649,0.0
2024.05.07 10:45,0.8149,0.0
2024.05.07 11:15,0.8011,0.0
2024.05.07 11:30,0.8511,0.0
2024.05.07 11:45,0.8011,0.0
2024.05.07 15:00,0.8114,0.0
2024.05.07 15:15,0.8614,0.0
2024.05.07 15:30,0.87,0.0
2024.05.07 15:45,0.82,0.0
2024.05.08 08:45,0.0,0.745
2024.05.08 09:00,0.0,0.795
2024.05.08 09:15,0.0,0.7911
2024.05.08 09:30,0.0,0.7411
2024.05.08 09:45,0.0,0.71
2024.05.08 10:00,0.0,0.76
2024.05.08 10:15,0.0,0.71
2024.05.08 11:30,0.745,0.0
2024.05.08 11:45,0.795,0.0
2024.05.08 12:00,0.745,0.0
2024.05.08 13:00,0.7421,0.0
2024.05.08 13:15,0.7921,0.0
2024.05.08 13:30,0.7421,0.0
2024.05.09 08:30,0.0,0.82
2024.05.09 08:45,0.0,0.87
2024.05.09 09:00,0.0,0.82
2024.05.09 10:15,0.0,0.82
2024.05.09 10:30,0.0,0.87
2024.05.09 10:45,0.0,0.82
2024.05.09 11:00,0.792,0.0
2024.05.09 11:15,0.742,0.0
2024.05.09 13:00,0.7351,0.0
2024.05.09 13:15,0.7851,0.0
2024.05.09 13:30,0.7351,0.0
2024.05.10 13:45,0.0,0.7518
2024.05.10 14:00,0.0,0.8018
2024.05.10 14:15,0.0,0.7518
2024.05.10 22:00,0.0,0.7346
2024.05.10 22:15,0.0,0.7846
2024.05.10 22:30,0.0,0.7346
2024.05.13 22:45,0.0,0.7909
2024.05.13 23:00,0.0,0.8409
2024.05.13 23:15,0.0,0.7909
2024.05.14 11:30,0.7554,0.0
2024.05.14 11:45,0.8054,0.0
2024.05.14 12:00,0.8064,0.0
2024.05.14 12:15,0.7564,0.0
2024.05.14 13:15,0.0,0.8015
2024.05.14 13:30,0.0,0.8515
2024.05.14 13:45,0.0,0.8015
2024.05.14 15:30,0.76,0.0
2024.05.14 15:45,0.81,0.0
2024.05.14 16:00,0.76,0.0
2024.05.14 22:00,0.0,0.7231
2024.05.14 22:15,0.0,0.7731
2024.05.14 22:30,0.0,0.7231
2024.05.15 16:15,0.0,0.76
2024.05.15 16:30,0.0,0.81
2024.05.15 16:45,0.0,0.76
2024.05.16 08:45,0.0,0.76
2024.05.16 09:00,0.0,0.81
2024.05.16 09:15,0.0,0.76
2024.05.16 10:00,0.82,0.0
2024.05.16 10:15,0.87,0.0
2024.05.16 10:30,0.87,0.0
2024.05.16 10:45,0.82,0.0
2024.05.16 13:45,0.8161,0.0
2024.05.16 14:00,0.8661,0.0
2024.05.16 14:15,0.8161,0.0
2024.05.17 10:15,0.0,0.742
2024.05.17 10:30,0.0,0.792
2024.05.17 10:45,0.0,0.742
2024.05.17 23:30,0.0,0.76
2024.05.17 23:45,0.0,0.81
2024.05.20 01:00,0.0,0.76
2024.05.20 15:00,0.0,0.71
2024.05.20 15:15,0.0,0.76
2024.05.20 15:30,0.0,0.71
2024.05.20 15:45,0.8076,0.0
2024.05.20 16:00,0.8576,0.0
2024.05.20 16:15,0.8076,0.0
2024.05.20 22:45,0.0,0.7459
2024.05.20 23:00,0.0,0.7959
2024.05.20 23:15,0.0,0.7459
2024.05.21 11:00,0.0,0.7261
2024.05.21 11:15,0.0,0.7761
2024.05.21 11:30,0.0,0.7261
2024.05.21 14:45,0.7567,0.0
2024.05.21 15:00,0.8067,0.0
2024.05.21 15:15,0.7915,0.0
2024.05.21 15:30,0.7415,0.0
2024.05.21 16:15,0.0,0.7546
2024.05.21 16:30,0.0,0.8046
2024.05.21 16:45,0.0,0.7546
2024.05.21 22:00,0.8054,0.0
2024.05.21 22:15,0.8554,0.0
2024.05.21 22:30,0.8054,0.0
2024.05.22 11:30,0.76,0.0
2024.05.22 11:45,0.81,0.0
2024.05.22 12:00,0.76,0.0
2024.05.22 13:00,0.0,0.7907
2024.05.22 13:15,0.0,0.8407
2024.05.22 13:30,0.0,0.7907
2024.05.24 16:30,0.0,0.82
2024.05.24 16:45,0.0,0.87
2024.05.24 17:00,0.0,0.82
2024.05.28 11:15,0.7265,0.0
2024.05.28 11:30,0.7765,0.0
2024.05.28 11:45,0.7265,0.0
2024.05.28 15:00,0.71,0.0
2024.05.28 15:15,0.76,0.0
2024.05.28 15:30,0.71,0.0
2024.05.28 15:45,0.0,0.87
2024.05.28 16:00,0.0,0.82
2024.05.28 16:30,0.0,0.76
2024.05.28 16:45,0.0,0.81
2024.05.28 17:00,0.0,0.76
2024.05.29 08:30,0.0,0.76
2024.05.29 08:45,0.0,0.81
2024.05.29 09:00,0.0,0.76
2024.05.29 11:45,0.0,0.6959
2024.05.29 12:00,0.0,0.7459
2024.05.29 12:15,0.0,0.6959
2024.05.30 09:15,0.755,0.0
2024.05.30 09:30,0.805,0.0
2024.05.30 09:45,0.755,0.0
2024.05.30 10:15,0.0,0.7983
2024.05.30 10:30,0.0,0.8483
2024.05.30 10:45,0.0,0.7983
2024.05.30 13:15,0.7308,0.0
2024.05.30 13:30,0.7808,0.0
2024.05.30 13:45,0.7308,0.0
2024.05.30 14:00,0.0,0.7913
2024.05.30 14:15,0.0,0.8413
2024.05.30 14:30,0.0,0.7913
2024.05.31 09:45,0.0,0.7394
2024.05.31 10:00,0.0,0.7894
2024.05.31 10:15,0.0,0.7394
2024.05.31 16:45,0.0,0.76
2024.05.31 17:00,0.0,0.81
2024.05.31 17:15,0.0,0.76
2024.05.31 22:30,0.7343,0.0
2024.05.31 22:45,0.7843,0.0
2024.05.31 23:00,0.7343,0.0
2024.06.03 09:45,0.759,0.0
2024.06.03 10:00,0.809,0.0
2024.06.03 10:15,0.759,0.0
2024.06.03 15:30,0.6836,0.0
2024.06.03 15:45,0.7336,0.0
2024.06.03 16:00,0.6836,0.0
2024.06.03 22:45,0.7434,0.0
2024.06.03 23:00,0.7934,0.0
2024.06.03 23:15,0.7434,0.0
2024.06.04 09:15,0.0,0.76
2024.06.04 09:30,0.0,0.81
2024.06.04 09:45,0.0,0.76
2024.06.04 10:00,0.0,0.81
2024.06.04 10:15,0.0,0.76
2024.06.04 14:30,0.7316,0.0
2024.06.04 14:45,0.7816,0.0
2024.06.04 15:00,0.7316,0.0
2024.06.05 08:45,0.0,0.7942
2024.06.05 09:00,0.0,0.8442
2024.06.05 09:15,0.0,0.7942
2024.06.05 15:15,0.71,0.0
2024.06.05 15:30,0.76,0.0
2024.06.05 15:45,0.71,0.0
2024.06.05 22:15,0.0,0.7259
2024.06.05 22:30,0.0,0.7759
2024.06.05 22:45,0.0,0.7259
2024.06.06 16:00,0.82,0.0
2024.06.06 16:15,0.87,0.0
2024.06.06 16:30,0.82,0.0
2024.06.06 22:15,0.0,0.725
2024.06.06 22:30,0.0,0.775
2024.06.06 22:45,0.0,0.7197
2024.06.06 23:00,0.0,0.6697
2024.06.07 08:30,0.0,0.7477
2024.06.07 08:45,0.0,0.7977
2024.06.07 09:00,0.0,0.7477
2024.06.10 08:15,0.76,0.0
2024.06.10 08:30,0.81,0.0
2024.06.10 08:45,0.76,0.0
2024.06.10 11:00,0.0,0.7848
2024.06.10 11:15,0.0,0.8348
2024.06.10 11:30,0.0,0.7848
2024.06.10 14:45,0.71,0.0
2024.06.10 15:00,0.76,0.0
2024.06.10 15:15,0.7504,0.0
2024.06.10 15:30,0.7004,0.0
2024.06.11 08:15,0.0,0.7465
2024.06.11 08:30,0.0,0.7965
2024.06.11 08:45,0.0,0.7465
2024.06.11 09:00,0.7565,0.0
2024.06.11 09:15,0.8065,0.0
2024.06.11 09:30,0.7565,0.0
2024.06.11 09:45,0.0,0.8557
2024.06.11 10:00,0.0,0.8057
2024.06.11 15:00,0.71,0.0
2024.06.11 15:15,0.76,0.0
2024.06.11 15:30,0.76,0.0
2024.06.11 15:45,0.71,0.0
2024.06.12 08:30,0.7409,0.0
2024.06.12 08:45,0.7909,0.0
2024.06.12 09:00,0.7409,0.0
2024.06.12 09:45,0.0,0.76
2024.06.12 10:00,0.0,0.81
2024.06.12 10:15,0.0,0.76
2024.06.12 11:45,0.804,0.0
2024.06.12 12:00,0.854,0.0
2024.06.12 12:15,0.804,0.0
2024.06.12 15:00,0.7415,0.0
2024.06.12 15:15,0.7915,0.0
2024.06.12 15:30,0.7415,0.0
2024.06.12 22:45,0.7917,0.0
2024.06.12 23:00,0.8417,0.0
2024.06.12 23:15,0.7917,0.0
2024.06.13 08:30,0.7969,0.0
2024.06.13 08:45,0.8469,0.0
2024.06.13 09:00,0.7969,0.0
2024.06.13 13:45,0.0,0.8097
2024.06.13 14:00,0.0,0.8597
2024.06.13 14:15,0.0,0.8097
2024.06.18 10:15,0.0,0.6741
2024.06.18 10:30,0.0,0.7241
2024.06.18 10:45,0.0,0.6741
2024.06.18 14:15,0.7362,0.0
2024.06.18 14:30,0.7862,0.0
2024.06.18 14:45,0.7362,0.0
2024.06.19 08:00,0.8004,0.0
2024.06.19 08:15,0.8504,0.0
2024.06.19 08:30,0.8004,0.0
2024.06.19 11:45,0.0,0.7254
2024.06.19 12:00,0.0,0.7754
2024.06.19 12:15,0.0,0.7254
2024.06.19 15:30,0.8058,0.0
2024.06.19 15:45,0.8558,0.0
2024.06.19 16:00,0.8058,0.0
2024.06.20 10:45,0.0,0.7574
2024.06.20 11:00,0.0,0.8074
2024.06.20 11:15,0.0,0.7574
2024.06.21 09:15,0.0,0.76
2024.06.21 09:30,0.0,0.81
2024.06.21 09:45,0.0,0.76
2024.06.21 10:30,0.82,0.0
2024.06.21 10:45,0.87,0.0
2024.06.21 11:00,0.82,0.0
2024.06.24 16:30,0.0,0.8116
2024.06.24 16:45,0.0,0.8616
2024.06.24 17:00,0.0,0.8116
2024.06.25 08:30,0.0,0.82
2024.06.25 08:45,0.0,0.87
2024.06.25 09:00,0.0,0.82
2024.06.25 14:00,0.0,0.8064
2024.06.25 14:15,0.0,0.8564
2024.06.25 14:30,0.0,0.8674
2024.06.25 14:45,0.0,0.8174
2024.06.25 15:30,0.0,0.77
2024.06.25 15:45,0.0,0.82
2024.06.25 16:00,0.0,0.77
2024.06.25 16:30,0.7532,0.0
2024.06.25 16:45,0.8032,0.0
2024.06.25 17:00,0.7532,0.0
2024.06.26 09:30,0.76,0.0
2024.06.26 09:45,0.81,0.0
2024.06.26 10:00,0.76,0.0
2024.06.26 11:30,0.0,0.7905
2024.06.26 11:45,0.0,0.8405
2024.06.26 12:00,0.0,0.7905
2024.06.26 14:45,0.7418,0.0
2024.06.26 15:00,0.7918,0.0
2024.06.26 15:15,0.7418,0.0
2024.06.27 08:00,0.0,0.793
2024.06.27 08:15,0.0,0.843
2024.06.27 08:30,0.0,0.793
2024.06.27 09:00,0.76,0.0
2024.06.27 09:15,0.81,0.0
2024.06.27 09:30,0.76,0.0
2024.06.27 11:30,0.7058,0.0
2024.06.27 11:45,0.7558,0.0
2024.06.27 12:00,0.7058,0.0
2024.06.27 23:45,0.0,0.731
2024.06.28 01:00,0.0,0.781
2024.06.28 01:15,0.0,0.731
2024.06.28 08:15,0.7346,0.0
2024.06.28 08:30,0.7846,0.0
2024.06.28 08:45,0.8164,0.0
2024.06.28 09:00,0.7664,0.0
2024.06.28 16:15,0.0,0.76
2024.06.28 16:30,0.0,0.81
2024.06.28 16:45,0.0,0.76
2024.07.01 08:45,0.8146,0.0
2024.07.01 09:00,0.8646,0.0
2024.07.01 09:15,0.87,0.0
2024.07.01 09:30,0.82,0.0
2024.07.01 13:45,0.7556,0.0
2024.07.01 14:00,0.8056,0.0
2024.07.01 14:15,0.7556,0.0
2024.07.01 15:30,0.0,0.76
2024.07.01 15:45,0.0,0.81
2024.07.01 16:00,0.0,0.76
2024.07.02 10:30,0.77,0.0
2024.07.02 10:45,0.82,0.0
2024.07.02 11:00,0.77,0.0
2024.07.02 11:15,0.0,0.7456
2024.07.02 11:30,0.0,0.7956
2024.07.02 11:45,0.0,0.7456
2024.07.02 15:15,0.82,0.0
2024.07.02 15:30,0.87,0.0
2024.07.02 15:45,0.82,0.0
2024.07.02 16:30,0.77,0.0
2024.07.02 16:45,0.82,0.0
2024.07.02 17:00,0.77,0.0
2024.07.02 23:00,0.0,0.7311
2024.07.02 23:15,0.0,0.7811
2024.07.02 23:30,0.0,0.7311
2024.07.03 22:45,0.7777,0.0
2024.07.03 23:00,0.8277,0.0
2024.07.03 23:15,0.7777,0.0
2024.07.04 09:30,0.82,0.0
2024.07.04 09:45,0.87,0.0
2024.07.04 10:00,0.82,0.0
2024.07.04 10:45,0.7951,0.0
2024.07.04 11:00,0.8451,0.0
2024.07.04 11:15,0.7951,0.0
2024.07.05 13:00,0.7954,0.0
2024.07.05 13:15,0.8454,0.0
2024.07.05 13:30,0.7954,0.0
2024.07.08 08:15,0.0,0.6928
2024.07.08 08:30,0.0,0.7428
2024.07.08 08:45,0.0,0.6928
2024.07.09 08:00,0.0,0.8038
2024.07.09 08:15,0.0,0.8538
2024.07.09 08:30,0.0,0.8038
2024.07.09 11:45,0.7447,0.0
2024.07.09 12:00,0.7947,0.0
2024.07.09 12:15,0.7447,0.0
2024.07.10 13:30,0.0,0.7409
2024.07.10 13:45,0.0,0.7909
2024.07.10 14:00,0.0,0.7409
2024.07.10 22:45,0.7842,0.0
2024.07.10 23:00,0.8342,0.0
2024.07.10 23:15,0.7842,0.0
2024.07.11 09:00,0.0,0.76
2024.07.11 09:15,0.0,0.81
2024.07.11 09:30,0.0,0.76
2024.07.11 22:30,0.0,0.7274
2024.07.11 22:45,0.0,0.7774
2024.07.11 23:00,0.0,0.7274
2024.07.12 15:45,0.82,0.0
2024.07.12 16:00,0.87,0.0
2024.07.12 16:15,0.82,0.0
2024.07.12 22:15,0.0,0.7295
2024.07.12 22:30,0.0,0.7795
2024.07.12 22:45,0.0,0.7295
2024.07.12 23:00,0.0,0.7319
2024.07.12 23:15,0.0,0.6819
2024.07.15 08:00,0.7339,0.0
2024.07.15 08:15,0.7839,0.0
2024.07.15 08:30,0.7339,0.0
2024.07.15 08:45,0.0,0.81
2024.07.15 09:00,0.0,0.81
2024.07.15 09:15,0.0,0.76
2024.07.15 10:30,0.8045,0.0
2024.07.15 10:45,0.8545,0.0
2024.07.15 11:00,0.8045,0.0
2024.07.15 11:30,0.8086,0.0
2024.07.15 11:45,0.8586,0.0
2024.07.15 12:00,0.8086,0.0
2024.07.17 08:00,0.7863,0.0
2024.07.17 08:15,0.8363,0.0
2024.07.17 08:30,0.7863,0.0
2024.07.17 08:45,0.0,0.7416
2024.07.17 09:00,0.0,0.7295
2024.07.17 09:15,0.0,0.7374
2024.07.17 09:30,0.8535,0.0
2024.07.17 09:45,0.8035,0.0
2024.07.17 13:30,0.0,0.76
2024.07.17 13:45,0.0,0.81
2024.07.17 14:00,0.0,0.76
2024.07.18 08:00,0.77,0.0
2024.07.18 08:15,0.82,0.0
2024.07.18 08:30,0.77,0.0
2024.07.18 08:45,0.0,0.7884
2024.07.18 09:00,0.0,0.7384
2024.07.18 09:15,0.8013,0.0
2024.07.18 09:30,0.7513,0.0
2024.07.18 13:00,0.0,0.6936
2024.07.18 13:15,0.0,0.7436
2024.07.18 13:30,0.8462,0.0
2024.07.18 13:45,0.7962,0.0
2024.07.18 16:30,0.82,0.0
2024.07.18 16:45,0.87,0.0
2024.07.18 17:00,0.82,0.0
2024.07.19 14:00,0.7329,0.0
2024.07.19 14:15,0.7829,0.0
2024.07.19 14:30,0.7329,0.0
2024.07.22 08:00,0.0,0.7521
2024.07.22 08:15,0.0,0.8021
2024.07.22 08:30,0.0,0.7521
2024.07.22 13:45,0.0,0.797
2024.07.22 14:00,0.0,0.847
2024.07.22 14:15,0.0,0.8638
2024.07.22 14:30,0.0,0.8138
2024.07.22 14:45,0.0,0.7607
2024.07.22 15:00,0.0,0.8107
2024.07.22 15:15,0.0,0.7607
2024.07.22 15:45,0.7565,0.0
2024.07.22 16:00,0.8065,0.0
2024.07.22 16:15,0.7565,0.0
2024.07.23 08:00,0.0,0.7442
2024.07.23 08:15,0.0,0.7942
2024.07.23 08:30,0.0,0.7442
2024.07.23 10:30,0.76,0.0
2024.07.23 10:45,0.81,0.0
2024.07.23 11:00,0.76,0.0
2024.07.25 08:30,0.7591,0.0
2024.07.25 08:45,0.8091,0.0
2024.07.25 09:00,0.7591,0.0
2024.07.25 09:15,0.0,0.8646
2024.07.25 09:30,0.0,0.8146
2024.07.25 10:00,0.76,0.0
2024.07.25 10:15,0.81,0.0
2024.07.25 10:30,0.81,0.0
2024.07.25 10:45,0.76,0.0
2024.07.25 14:00,0.0,0.8152
2024.07.25 14:15,0.0,0.8652
2024.07.25 14:30,0.0,0.8152
2024.07.25 22:15,0.7505,0.0
2024.07.25 22:30,0.8005,0.0
2024.07.25 22:45,0.7505,0.0
2024.07.26 09:30,0.7277,0.0
2024.07.26 09:45,0.7777,0.0
2024.07.26 10:00,0.7277,0.0
2024.07.26 13:45,0.0,0.7933
2024.07.26 14:00,0.0,0.8433
2024.07.26 14:15,0.0,0.7933
2024.07.29 13:45,0.0,0.7387
2024.07.29 14:00,0.0,0.7887
2024.07.29 14:15,0.0,0.7387
2024.07.29 15:00,0.8083,0.0
2024.07.29 15:15,0.8583,0.0
2024.07.29 15:30,0.8083,0.0
2024.07.29 22:15,0.7075,0.0
2024.07.29 22:30,0.7575,0.0
2024.07.29 22:45,0.7075,0.0
2024.07.30 14:45,0.0,0.701
2024.07.30 15:00,0.0,0.751
2024.07.30 15:15,0.0,0.701
2024.07.30 16:00,0.82,0.0
2024.07.30 16:15,0.87,0.0
2024.07.30 16:30,0.82,0.0
2024.07.31 11:30,0.81,0.0
2024.07.31 11:45,0.86,0.0
2024.07.31 12:00,0.81,0.0
2024.07.31 13:15,0.0,0.71
2024.07.31 13:30,0.0,0.76
2024.07.31 13:45,0.0,0.71
2024.07.31 15:00,0.8045,0.0
2024.07.31 15:15,0.8545,0.0
2024.07.31 15:30,0.8045,0.0
2024.08.01 15:15,0.7507,0.0
2024.08.01 15:30,0.8007,0.0
2024.08.01 15:45,0.7507,0.0
2024.08.01 22:15,0.7913,0.0
2024.08.01 22:30,0.8413,0.0
2024.08.01 22:45,0.7913,0.0
2024.08.02 15:00,0.0,0.6989
2024.08.02 15:15,0.0,0.7489
2024.08.02 15:30,0.0,0.6989
2024.08.02 22:15,0.7933,0.0
2024.08.02 22:30,0.8433,0.0
2024.08.02 22:45,0.851,0.0
2024.08.02 23:00,0.801,0.0
2024.08.05 08:00,0.0,0.7567
2024.08.05 08:15,0.0,0.8067
2024.08.05 08:30,0.0,0.7938
2024.08.05 08:45,0.0,0.7438
2024.08.05 09:00,0.0,0.81
2024.08.05 09:15,0.0,0.76
2024.08.05 09:30,0.0,0.71
2024.08.05 22:45,0.0,0.8155
2024.08.05 23:00,0.0,0.8655
2024.08.05 23:15,0.0,0.8155
2024.08.06 15:15,0.0,0.77
2024.08.06 15:30,0.0,0.82
2024.08.06 15:45,0.0,0.77
2024.08.07 10:45,0.7235,0.0
2024.08.07 11:00,0.7735,0.0
2024.08.07 11:15,0.7235,0.0
2024.08.07 15:00,0.0,0.796
2024.08.07 15:15,0.0,0.846
2024.08.07 15:30,0.0,0.796
2024.08.07 22:00,0.7341,0.0
2024.08.07 22:15,0.7841,0.0
2024.08.07 22:30,0.7341,0.0
2024.08.08 10:00,0.0,0.8139
2024.08.08 10:15,0.0,0.8639
2024.08.08 10:30,0.0,0.8139
2024.08.09 16:45,0.82,0.0
2024.08.09 17:00,0.87,0.0
2024.08.09 17:15,0.82,0.0
2024.08.13 09:45,0.0,0.732
2024.08.13 10:00,0.0,0.782
2024.08.13 10:15,0.0,0.732
2024.08.13 16:15,0.77,0.0
2024.08.13 16:30,0.82,0.0
2024.08.13 16:45,0.77,0.0
2024.08.14 15:15,0.0,0.706
2024.08.14 15:30,0.0,0.756
2024.08.14 15:45,0.0,0.706
2024.08.14 16:00,0.0,0.7052
2024.08.14 16:15,0.0,0.7552
2024.08.14 16:30,0.0,0.7052
2024.08.14 22:45,0.6841,0.0
2024.08.14 23:00,0.7341,0.0
2024.08.14 23:15,0.6841,0.0
2024.08.15 15:30,0.0,0.71
2024.08.15 15:45,0.0,0.76
2024.08.15 16:00,0.0,0.82
2024.08.15 16:15,0.0,0.77
2024.08.15 22:30,0.0,0.71
2024.08.15 22:45,0.0,0.76
2024.08.15 23:00,0.0,0.71
2024.08.16 08:15,0.7413,0.0
2024.08.16 08:30,0.7913,0.0
2024.08.16 08:45,0.7999,0.0
2024.08.16 09:00,0.7499,0.0
2024.08.16 14:15,0.0,0.7501
2024.08.16 14:30,0.0,0.8001
2024.08.16 14:45,0.0,0.7501
2024.08.16 15:00,0.82,0.0
2024.08.16 15:15,0.77,0.0
2024.08.19 09:30,0.0,0.7354
2024.08.19 09:45,0.0,0.7854
2024.08.19 10:00,0.0,0.7354
2024.08.19 11:30,0.0,0.7432
2024.08.19 11:45,0.0,0.7932
2024.08.19 12:00,0.0,0.7432
2024.08.19 16:30,0.82,0.0
2024.08.19 16:45,0.87,0.0
2024.08.19 17:00,0.82,0.0
2024.08.20 08:45,0.0,0.7424
2024.08.20 09:00,0.0,0.7924
2024.08.20 09:15,0.0,0.7424
2024.08.21 09:00,0.82,0.0
2024.08.21 09:15,0.87,0.0
2024.08.21 09:30,0.82,0.0
2024.08.21 11:45,0.0,0.6838
2024.08.21 12:00,0.0,0.7338
2024.08.21 12:15,0.0,0.6838
2024.08.21 14:30,0.8047,0.0
2024.08.21 14:45,0.8547,0.0
2024.08.21 15:00,0.8047,0.0
2024.08.21 16:45,0.8181,0.0
2024.08.21 17:00,0.8681,0.0
2024.08.21 17:15,0.8181,0.0
2024.08.21 22:15,0.7389,0.0
2024.08.21 22:30,0.7889,0.0
2024.08.21 22:45,0.7389,0.0
2024.08.22 08:45,0.71,0.0
2024.08.22 09:00,0.76,0.0
2024.08.22 09:15,0.71,0.0
2024.08.22 11:00,0.0,0.7972
2024.08.22 11:15,0.0,0.8472
2024.08.22 11:30,0.0,0.7972
2024.08.22 22:30,0.7525,0.0
2024.08.22 22:45,0.8025,0.0
2024.08.22 23:00,0.7525,0.0
2024.08.23 08:30,0.0,0.82
2024.08.23 08:45,0.0,0.87
2024.08.23 09:00,0.0,0.82
2024.08.23 16:15,0.0,0.82
2024.08.23 16:30,0.0,0.87
2024.08.23 16:45,0.0,0.82
2024.08.26 16:45,0.0,0.71
2024.08.26 17:00,0.0,0.76
2024.08.26 17:15,0.0,0.71
2024.08.27 08:00,0.8075,0.0
2024.08.27 08:15,0.8575,0.0
2024.08.27 08:30,0.8075,0.0
2024.08.27 08:45,0.795,0.0
2024.08.27 09:00,0.745,0.0
2024.08.27 09:15,0.82,0.0
2024.08.27 09:30,0.77,0.0
2024.08.27 10:15,0.0,0.76
2024.08.27 10:30,0.0,0.81
2024.08.27 10:45,0.0,0.81
2024.08.27 11:00,0.0,0.76
2024.08.27 11:15,0.87,0.0
2024.08.27 11:30,0.82,0.0
2024.08.27 15:00,0.0,0.7461
2024.08.27 15:15,0.0,0.7961
2024.08.27 15:30,0.0,0.7461
2024.08.28 09:00,0.82,0.0
2024.08.28 09:15,0.87,0.0
2024.08.28 09:30,0.82,0.0
2024.08.28 16:00,0.76,0.0
2024.08.28 16:15,0.81,0.0
2024.08.28 16:30,0.76,0.0
2024.08.29 14:45,0.0,0.7484
2024.08.29 15:00,0.0,0.7984
2024.08.29 15:15,0.0,0.7484
2024.08.29 16:30,0.8048,0.0
2024.08.29 16:45,0.8548,0.0
2024.08.29 17:00,0.8048,0.0
2024.08.29 22:15,0.0,0.7343
2024.08.29 22:30,0.0,0.7843
2024.08.29 22:45,0.0,0.7343
2024.08.30 09:00,0.82,0.0
2024.08.30 09:15,0.87,0.0
2024.08.30 09:30,0.82,0.0
2024.08.30 11:30,0.0,0.7373
2024.08.30 11:45,0.0,0.7873
2024.08.30 12:00,0.0,0.7373
2024.09.02 09:00,0.71,0.0
2024.09.02 09:15,0.76,0.0
2024.09.02 09:30,0.71,0.0
2024.09.02 11:30,0.71,0.0
2024.09.02 11:45,0.76,0.0
2024.09.02 12:00,0.71,0.0
2024.09.03 09:30,0.6995,0.0
2024.09.03 09:45,0.7495,0.0
2024.09.03 10:00,0.6995,0.0
2024.09.04 08:45,0.0,0.82
2024.09.04 09:00,0.0,0.87
2024.09.04 09:15,0.0,0.82
2024.09.04 09:30,0.0,0.77
2024.09.04 09:45,0.0,0.82
2024.09.04 10:00,0.0,0.77
2024.09.04 22:45,0.7355,0.0
2024.09.04 23:00,0.7855,0.0
2024.09.04 23:15,0.7355,0.0
2024.09.04 23:45,0.0,0.8018
2024.09.05 01:00,0.0,0.8518
2024.09.05 01:15,0.0,0.8018
2024.09.05 15:45,0.0,0.76
2024.09.05 16:00,0.0,0.81
2024.09.05 16:15,0.0,0.76
2024.09.06 14:15,0.0,0.7383
2024.09.06 14:30,0.0,0.7883
2024.09.06 14:45,0.0,0.7383
2024.09.06 15:00,0.82,0.0
2024.09.06 15:15,0.87,0.0
2024.09.06 15:30,0.87,0.0
2024.09.06 15:45,0.82,0.0
2024.09.06 16:00,0.0,0.81
2024.09.06 16:15,0.0,0.76
2024.09.06 16:30,0.0,0.71
2024.09.09 13:00,0.0,0.7995
2024.09.09 13:15,0.0,0.8495
2024.09.09 13:30,0.0,0.7995
2024.09.09 14:15,0.6978,0.0
2024.09.09 14:30,0.7478,0.0
2024.09.09 14:45,0.6978,0.0
2024.09.09 15:15,0.71,0.0
2024.09.09 15:30,0.76,0.0
2024.09.09 15:45,0.71,0.0
2024.09.09 16:45,0.0,0.8169
2024.09.09 17:00,0.0,0.8669
2024.09.09 17:15,0.0,0.8169
2024.09.10 08:00,0.8057,0.0
2024.09.10 08:15,0.8557,0.0
2024.09.10 08:30,0.8057,0.0
2024.09.10 10:30,0.0,0.76
2024.09.10 10:45,0.0,0.81
2024.09.10 11:00,0.0,0.76
2024.09.10 16:45,0.0,0.7573
2024.09.10 17:00,0.0,0.8073
2024.09.10 17:15,0.0,0.7573
2024.09.12 08:45,0.7497,0.0
2024.09.12 09:00,0.7997,0.0
2024.09.12 09:15,0.7497,0.0
2024.09.12 09:30,0.0,0.76
2024.09.12 09:45,0.0,0.81
2024.09.12 10:00,0.0,0.76
2024.09.12 10:15,0.7987,0.0
2024.09.12 10:30,0.8487,0.0
2024.09.12 10:45,0.7987,0.0
2024.09.12 11:00,0.8136,0.0
2024.09.12 11:15,0.8636,0.0
2024.09.12 11:30,0.8136,0.0
2024.09.12 13:15,0.0,0.76
2024.09.12 13:30,0.0,0.81
2024.09.12 13:45,0.0,0.76
2024.09.12 14:30,0.82,0.0
2024.09.12 14:45,0.87,0.0
2024.09.12 15:00,0.82,0.0
2024.09.16 08:45,0.0,0.7315
2024.09.16 09:00,0.0,0.7815
2024.09.16 09:15,0.0,0.7315
2024.09.16 09:45,0.0,0.76
2024.09.16 10:00,0.0,0.81
2024.09.16 10:15,0.0,0.76
2024.09.16 10:30,0.87,0.0
2024.09.16 10:45,0.82,0.0
2024.09.16 13:45,0.82,0.0
2024.09.16 14:00,0.87,0.0
2024.09.16 14:15,0.82,0.0
2024.09.16 16:45,0.0,0.76
2024.09.16 17:00,0.0,0.81
2024.09.16 17:15,0.0,0.76
2024.09.16 22:15,0.7521,0.0
2024.09.16 22:30,0.8021,0.0
2024.09.16 22:45,0.7521,0.0
2024.09.17 08:15,0.7955,0.0
2024.09.17 08:30,0.8455,0.0
2024.09.17 08:45,0.7955,0.0
2024.09.17 09:00,0.8384,0.0
2024.09.17 09:15,0.862,0.0
2024.09.17 09:30,0.812,0.0
2024.09.17 09:45,0.0,0.7495
2024.09.17 10:00,0.0,0.7995
2024.09.17 10:15,0.0,0.7495
2024.09.17 11:00,0.0,0.7345
2024.09.17 11:15,0.0,0.7845
2024.09.17 11:30,0.0,0.7345
2024.09.17 14:15,0.7911,0.0
2024.09.17 14:30,0.8411,0.0
2024.09.17 14:45,0.7911,0.0
2024.09.17 15:15,0.0,0.71
2024.09.17 15:30,0.0,0.76
2024.09.17 15:45,0.0,0.71
2024.09.18 16:30,0.0,0.76
2024.09.18 16:45,0.0,0.81
2024.09.18 17:00,0.0,0.76
2024.09.19 08:15,0.6879,0.0
2024.09.19 08:30,0.7379,0.0
2024.09.19 08:45,0.6879,0.0
2024.09.19 09:00,0.76,0.0
2024.09.19 09:15,0.71,0.0
2024.09.19 09:30,0.0,0.8666
2024.09.19 09:45,0.0,0.8166
2024.09.19 15:30,0.0,0.71
2024.09.19 15:45,0.0,0.76
2024.09.19 16:00,0.0,0.71
2024.09.20 14:00,0.0,0.7413
2024.09.20 14:15,0.0,0.7913
2024.09.20 14:30,0.0,0.7413
2024.09.23 09:45,0.0,0.6981
2024.09.23 10:00,0.0,0.7481
2024.09.23 10:15,0.0,0.76
2024.09.23 10:30,0.0,0.71
2024.09.24 08:30,0.0,0.76
2024.09.24 08:45,0.0,0.81
2024.09.24 09:00,0.0,0.76
2024.09.24 10:30,0.8118,0.0
2024.09.24 10:45,0.8618,0.0
2024.09.24 11:00,0.8118,0.0
2024.09.25 09:45,0.0,0.6829
2024.09.25 10:00,0.0,0.7329
2024.09.25 10:15,0.0,0.6829
2024.09.26 16:45,0.8129,0.0
2024.09.26 17:00,0.8629,0.0
2024.09.26 17:15,0.8129,0.0
2024.09.27 08:45,0.7996,0.0
2024.09.27 09:00,0.8496,0.0
2024.09.27 09:15,0.8496,0.0
2024.09.27 09:30,0.7996,0.0
2024.09.27 16:00,0.0,0.7555
2024.09.27 16:15,0.0,0.8055
2024.09.27 16:30,0.0,0.7555
2024.09.27 22:15,0.7234,0.0
2024.09.27 22:30,0.7734,0.0
2024.09.27 22:45,0.7234,0.0
2024.09.27 23:45,0.71,0.0
2024.09.30 01:00,0.76,0.0
2024.09.30 01:15,0.71,0.0
2024.09.30 10:15,0.0,0.805
2024.09.30 10:30,0.0,0.855
2024.09.30 10:45,0.0,0.805
2024.09.30 11:00,0.7486,0.0
2024.09.30 11:15,0.7986,0.0
2024.09.30 11:30,0.7486,0.0
2024.09.30 22:30,0.7411,0.0
2024.09.30 22:45,0.7911,0.0
2024.09.30 23:00,0.7411,0.0
2024.10.01 14:30,0.6897,0.0
2024.10.01 14:45,0.7397,0.0
2024.10.01 15:00,0.6897,0.0
2024.10.01 22:30,0.0,0.6782
2024.10.01 22:45,0.0,0.7282
2024.10.01 23:00,0.0,0.6782
2024.10.02 10:30,0.7938,0.0
2024.10.02 10:45,0.8438,0.0
2024.10.02 11:00,0.7938,0.0
2024.10.02 14:00,0.7929,0.0
2024.10.02 14:15,0.8429,0.0
2024.10.02 14:30,0.7929,0.0
2024.10.03 09:00,0.82,0.0
2024.10.03 09:15,0.87,0.0
2024.10.03 09:30,0.8662,0.0
2024.10.03 09:45,0.8162,0.0
2024.10.03 10:15,0.0,0.71
2024.10.03 10:30,0.0,0.76
2024.10.03 10:45,0.0,0.71
2024.10.03 16:00,0.7511,0.0
2024.10.03 16:15,0.8011,0.0
2024.10.03 16:30,0.7511,0.0
2024.10.03 22:00,0.729,0.0
2024.10.03 22:15,0.779,0.0
2024.10.03 22:30,0.729,0.0
2024.10.04 11:45,0.0,0.6826
2024.10.04 12:00,0.0,0.7326
2024.10.04 12:15,0.0,0.6826
2024.10.04 13:15,0.7928,0.0
2024.10.04 13:30,0.8428,0.0
2024.10.04 13:45,0.7928,0.0
2024.10.04 15:45,0.82,0.0
2024.10.04 16:00,0.87,0.0
2024.10.04 16:15,0.87,0.0
2024.10.04 16:30,0.82,0.0
2024.10.04 22:15,0.7282,0.0
2024.10.04 22:30,0.7782,0.0
2024.10.04 22:45,0.7282,0.0
2024.10.07 10:15,0.7538,0.0
2024.10.07 10:30,0.8038,0.0
2024.10.07 10:45,0.81,0.0
2024.10.07 11:00,0.7587,0.0
2024.10.07 11:15,0.7087,0.0
2024.10.07 13:30,0.0,0.7947
2024.10.07 13:45,0.0,0.8447
2024.10.07 14:00,0.0,0.7947
2024.10.07 15:15,0.0,0.77
2024.10.07 15:30,0.0,0.82
2024.10.07 15:45,0.0,0.82
2024.10.07 16:00,0.81,0.0
2024.10.07 16:15,0.76,0.0
2024.10.08 09:00,0.0,0.7813
2024.10.08 09:15,0.0,0.8313
2024.10.08 09:30,0.0,0.8694
2024.10.08 09:45,0.0,0.8194
2024.10.08 11:15,0.76,0.0
2024.10.08 11:30,0.81,0.0
2024.10.08 11:45,0.76,0.0
2024.10.08 13:30,0.6912,0.0
2024.10.08 13:45,0.7412,0.0
2024.10.08 14:00,0.6912,0.0
2024.10.08 14:45,0.6722,0.0
2024.10.08 15:00,0.7222,0.0
2024.10.08 15:15,0.6722,0.0
2024.10.09 08:00,0.76,0.0
2024.10.09 08:15,0.81,0.0
2024.10.09 08:30,0.76,0.0
2024.10.09 08:45,0.0,0.8638
2024.10.09 09:00,0.0,0.8499
2024.10.09 09:15,0.0,0.8113
2024.10.09 09:30,0.0,0.7613
2024.10.10 10:15,0.71,0.0
2024.10.10 10:30,0.76,0.0
2024.10.10 10:45,0.71,0.0
2024.10.10 14:00,0.0,0.8067
2024.10.10 14:15,0.0,0.8567
2024.10.10 14:30,0.0,0.82
2024.10.10 14:45,0.0,0.77
2024.10.10 15:30,0.71,0.0
2024.10.10 15:45,0.76,0.0
2024.10.10 16:00,0.71,0.0
2024.10.10 16:15,0.0,0.87
2024.10.10 16:30,0.0,0.8428
2024.10.10 16:45,0.0,0.7928
2024.10.11 09:15,0.0,0.76
2024.10.11 09:30,0.0,0.81
2024.10.11 09:45,0.0,0.76
2024.10.11 13:15,0.7881,0.0
2024.10.11 13:30,0.8381,0.0
2024.10.11 13:45,0.7881,0.0
2024.10.11 15:15,0.0,0.7509
2024.10.11 15:30,0.0,0.8009
2024.10.11 15:45,0.0,0.7509
2024.10.15 08:00,0.0,0.6975
2024.10.15 08:15,0.0,0.7475
2024.10.15 08:30,0.0,0.6975
2024.10.15 09:00,0.8016,0.0
2024.10.15 09:15,0.8516,0.0
2024.10.15 09:30,0.8503,0.0
2024.10.15 09:45,0.8569,0.0
2024.10.15 10:00,0.8069,0.0
2024.10.15 13:30,0.0,0.7422
2024.10.15 13:45,0.0,0.7922
2024.10.15 14:00,0.0,0.7422
2024.10.15 15:30,0.0,0.7466
2024.10.15 15:45,0.0,0.7966
2024.10.15 16:00,0.0,0.7466
2024.10.15 22:30,0.0,0.71
2024.10.15 22:45,0.0,0.76
2024.10.15 23:00,0.0,0.71
2024.10.16 13:00,0.0,0.76
2024.10.16 13:15,0.0,0.81
2024.10.16 13:30,0.0,0.76
2024.10.16 14:00,0.8097,0.0
2024.10.16 14:15,0.8597,0.0
2024.10.16 14:30,0.8097,0.0
2024.10.17 09:30,0.0,0.7511
2024.10.17 09:45,0.0,0.8011
2024.10.17 10:00,0.0,0.7511
2024.10.17 14:30,0.0,0.7456
2024.10.17 14:45,0.0,0.7956
2024.10.17 15:00,0.0,0.805
2024.10.17 15:15,0.0,0.755
2024.10.17 15:30,0.82,0.0
2024.10.17 15:45,0.87,0.0
2024.10.17 16:00,0.82,0.0
2024.10.17 16:15,0.77,0.0
2024.10.18 15:45,0.0,0.71
2024.10.18 16:00,0.0,0.76
2024.10.18 16:15,0.0,0.71
2024.10.18 16:30,0.82,0.0
2024.10.18 16:45,0.87,0.0
2024.10.18 17:00,0.82,0.0
2024.10.21 08:45,0.0,0.71
2024.10.21 09:00,0.0,0.76
2024.10.21 09:15,0.0,0.71
2024.10.21 11:30,0.0,0.7233
2024.10.21 11:45,0.0,0.7733
2024.10.21 12:00,0.0,0.7233
2024.10.22 13:00,0.82,0.0
2024.10.22 13:15,0.87,0.0
2024.10.22 13:30,0.82,0.0
2024.10.22 14:00,0.0,0.7348
2024.10.22 14:15,0.0,0.7848
2024.10.22 14:30,0.0,0.7348
2024.10.22 14:45,0.806,0.0
2024.10.22 15:00,0.856,0.0
2024.10.22 15:15,0.806,0.0
2024.10.23 15:00,0.0,0.6974
2024.10.23 15:15,0.0,0.7474
2024.10.23 15:30,0.0,0.6974
2024.10.23 22:15,0.739,0.0
2024.10.23 22:30,0.789,0.0
2024.10.23 22:45,0.739,0.0
2024.10.24 09:00,0.698,0.0
2024.10.24 09:15,0.748,0.0
2024.10.24 09:30,0.698,0.0
2024.10.24 14:15,0.7501,0.0
2024.10.24 14:30,0.8001,0.0
2024.10.24 14:45,0.7501,0.0
2024.10.24 15:00,0.0,0.7851
2024.10.24 15:15,0.0,0.7351
2024.10.24 22:15,0.7363,0.0
2024.10.24 22:30,0.7863,0.0
2024.10.24 22:45,0.7363,0.0
2024.10.25 13:00,0.0,0.7611
2024.10.25 13:15,0.0,0.8111
2024.10.25 13:30,0.7795,0.0
2024.10.25 13:45,0.7295,0.0
2024.10.25 14:00,0.7313,0.0
2024.10.25 14:15,0.7813,0.0
2024.10.25 14:30,0.7907,0.0
2024.10.25 14:45,0.7407,0.0
2024.10.28 08:00,0.77,0.0
2024.10.28 08:15,0.82,0.0
2024.10.28 08:30,0.77,0.0
2024.10.28 10:30,0.0,0.7557
2024.10.28 10:45,0.0,0.8057
2024.10.28 11:00,0.0,0.7557
2024.10.28 15:00,0.77,0.0
2024.10.28 15:15,0.82,0.0
2024.10.28 15:30,0.77,0.0
2024.10.28 16:45,0.0,0.7365
2024.10.28 17:00,0.0,0.7865
2024.10.28 17:15,0.0,0.7365
2024.10.29 10:15,0.82,0.0
2024.10.29 10:30,0.87,0.0
2024.10.29 10:45,0.82,0.0
2024.10.30 14:15,0.82,0.0
2024.10.30 14:30,0.87,0.0
2024.10.30 14:45,0.82,0.0
2024.10.30 15:15,0.0,0.71
2024.10.30 15:30,0.0,0.76
2024.10.30 15:45,0.0,0.71
2024.10.30 22:00,0.0,0.732
2024.10.30 22:15,0.0,0.782
2024.10.30 22:30,0.0,0.732
2024.10.31 09:15,0.7877,0.0
2024.10.31 09:30,0.8377,0.0
2024.10.31 09:45,0.7877,0.0
2024.10.31 14:30,0.0,0.7075
2024.10.31 14:45,0.0,0.7575
2024.10.31 15:00,0.0,0.7075
2024.10.31 15:15,0.0,0.76
2024.10.31 15:30,0.0,0.71
2024.11.04 08:45,0.76,0.0
2024.11.04 09:00,0.81,0.0
2024.11.04 09:15,0.0,0.87
2024.11.04 09:30,0.0,0.8597
2024.11.04 09:45,0.0,0.8097
2024.11.05 08:15,0.682,0.0
2024.11.05 08:30,0.732,0.0
2024.11.05 08:45,0.682,0.0
2024.11.05 11:45,0.0,0.801
2024.11.05 12:00,0.0,0.851
2024.11.05 12:15,0.0,0.801
2024.11.05 23:30,0.0,0.7781
2024.11.05 23:45,0.0,0.8281
2024.11.06 01:00,0.0,0.8311
2024.11.06 01:15,0.0,0.7811
2024.11.06 08:00,0.0,0.767
2024.11.06 08:15,0.0,0.817
2024.11.06 08:30,0.0,0.767
2024.11.07 09:00,0.76,0.0
2024.11.07 09:15,0.81,0.0
2024.11.07 09:30,0.76,0.0
2024.11.07 09:45,0.0,0.8483
2024.11.07 10:00,0.0,0.7983
2024.11.07 10:30,0.0,0.7892
2024.11.07 10:45,0.0,0.8392
2024.11.07 11:00,0.0,0.7892
2024.11.08 14:00,0.0,0.7949
2024.11.08 14:15,0.0,0.8449
2024.11.08 14:30,0.0,0.7949
2024.11.11 13:00,0.7554,0.0
2024.11.11 13:15,0.8054,0.0
2024.11.11 13:30,0.7554,0.0
2024.11.11 23:30,0.0,0.8026
2024.11.11 23:45,0.0,0.8526
2024.11.12 01:00,0.0,0.8026
2024.11.13 10:15,0.76,0.0
2024.11.13 10:30,0.81,0.0
2024.11.13 10:45,0.76,0.0
2024.11.13 13:30,0.685,0.0
2024.11.13 13:45,0.735,0.0
2024.11.13 14:00,0.685,0.0
2024.11.13 16:45,0.0,0.77
2024.11.13 17:00,0.0,0.82
2024.11.13 17:15,0.0,0.77
2024.11.14 13:30,0.7522,0.0
2024.11.14 13:45,0.8022,0.0
2024.11.14 14:00,0.7522,0.0
2024.11.14 16:30,0.0,0.8059
2024.11.14 16:45,0.0,0.8559
2024.11.14 17:00,0.0,0.8059
2024.11.15 13:45,0.0,0.805
2024.11.15 14:00,0.0,0.855
2024.11.15 14:15,0.0,0.805
2024.11.15 15:15,0.0,0.8127
2024.11.15 15:30,0.0,0.8627
2024.11.15 15:45,0.0,0.8127
2024.11.15 22:15,0.7378,0.0
2024.11.15 22:30,0.7878,0.0
2024.11.15 22:45,0.7378,0.0
2024.11.18 10:15,0.0,0.7023
2024.11.18 10:30,0.0,0.7523
2024.11.18 10:45,0.0,0.7023
2024.11.18 11:15,0.7675,0.0
2024.11.18 11:30,0.8175,0.0
2024.11.18 11:45,0.7675,0.0
2024.11.19 08:45,0.0,0.76
2024.11.19 09:00,0.0,0.81
2024.11.19 09:15,0.0,0.76
2024.11.22 16:00,0.0,0.6822
2024.11.22 16:15,0.0,0.7322
2024.11.22 16:30,0.0,0.6822
2024.11.25 16:00,0.0,0.71
2024.11.25 16:15,0.0,0.76
2024.11.25 16:30,0.0,0.71
2024.11.26 15:15,0.0,0.82
2024.11.26 15:30,0.0,0.87
2024.11.26 15:45,0.0,0.82
2024.11.28 08:15,0.7012,0.0
2024.11.28 08:30,0.7512,0.0
2024.11.28 08:45,0.7012,0.0
2024.11.28 11:15,0.6744,0.0
2024.11.28 11:30,0.7244,0.0
2024.11.28 11:45,0.6744,0.0
2024.11.29 10:45,0.8193,0.0
2024.11.29 11:00,0.8693,0.0
2024.11.29 11:15,0.8193,0.0
2024.12.02 08:00,0.7306,0.0
2024.12.02 08:15,0.7806,0.0
2024.12.02 08:30,0.7825,0.0
2024.12.02 08:45,0.7325,0.0
2024.12.02 09:15,0.7389,0.0
2024.12.02 09:30,0.7889,0.0
2024.12.02 09:45,0.7389,0.0
2024.12.02 16:15,0.0,0.7903
2024.12.02 16:30,0.0,0.8403
2024.12.02 16:45,0.0,0.7903
2024.12.03 15:00,0.82,0.0
2024.12.03 15:15,0.87,0.0
2024.12.03 15:30,0.82,0.0
2024.12.03 16:30,0.0,0.76
2024.12.03 16:45,0.0,0.81
2024.12.03 17:00,0.0,0.8016
2024.12.03 17:15,0.0,0.7516
2024.12.04 08:45,0.0,0.7507
2024.12.04 09:00,0.0,0.8007
2024.12.04 09:15,0.0,0.7968
2024.12.04 09:30,0.0,0.8029
2024.12.04 09:45,0.0,0.7529
2024.12.04 10:30,0.817,0.0
2024.12.04 10:45,0.867,0.0
2024.12.04 11:00,0.817,0.0
2024.12.04 14:45,0.0,0.71
2024.12.04 15:00,0.0,0.76
2024.12.04 15:15,0.87,0.0
2024.12.04 15:30,0.82,0.0
2024.12.04 16:30,0.0,0.7308
2024.12.04 16:45,0.0,0.7808
2024.12.04 17:00,0.0,0.7308
2024.12.05 08:15,0.0,0.7342
2024.12.05 08:30,0.0,0.7842
2024.12.05 08:45,0.0,0.8053
2024.12.05 09:00,0.0,0.7553
2024.12.05 14:00,0.0,0.7306
2024.12.05 14:15,0.0,0.7806
2024.12.05 14:30,0.0,0.7306
2024.12.05 15:00,0.0,0.76
2024.12.05 15:15,0.0,0.81
2024.12.05 15:30,0.0,0.76
2024.12.05 23:00,0.0,0.7786
2024.12.05 23:15,0.0,0.8286
2024.12.05 23:30,0.0,0.7786
2024.12.06 10:30,0.7556,0.0
2024.12.06 10:45,0.8056,0.0
2024.12.06 11:00,0.7556,0.0
2024.12.06 11:15,0.0,0.8458
2024.12.06 11:30,0.0,0.7958
2024.12.06 11:45,0.0,0.8008
2024.12.06 12:00,0.0,0.8508
2024.12.06 12:15,0.0,0.8008
2024.12.06 13:00,0.7499,0.0
2024.12.06 13:15,0.7999,0.0
2024.12.06 13:30,0.7499,0.0
2024.12.09 13:15,0.0,0.7585
2024.12.09 13:30,0.0,0.8085
2024.12.09 13:45,0.0,0.7585
2024.12.10 13:00,0.0,0.7442
2024.12.10 13:15,0.0,0.7942
2024.12.10 13:30,0.0,0.7442
2024.12.11 11:00,0.7979,0.0
2024.12.11 11:15,0.8479,0.0
2024.12.11 11:30,0.7979,0.0
2024.12.11 15:00,0.0,0.7348
2024.12.11 15:15,0.0,0.7848
2024.12.11 15:30,0.87,0.0
2024.12.11 15:45,0.82,0.0
2024.12.12 08:15,0.77,0.0
2024.12.12 08:30,0.82,0.0
2024.12.12 08:45,0.77,0.0
2024.12.12 09:00,0.8104,0.0
2024.12.12 09:15,0.7604,0.0
2024.12.12 09:30,0.0,0.7871
2024.12.12 09:45,0.0,0.7371
2024.12.12 13:15,0.8071,0.0
2024.12.12 13:30,0.8571,0.0
2024.12.12 13:45,0.8071,0.0
2024.12.12 15:45,0.0,0.71
2024.12.12 16:00,0.0,0.76
2024.12.12 16:15,0.0,0.71
2024.12.13 08:30,0.76,0.0
2024.12.13 08:45,0.81,0.0
2024.12.13 09:00,0.76,0.0
2024.12.13 09:15,0.0,0.8011
2024.12.13 09:30,0.0,0.7511
2024.12.16 08:00,0.7367,0.0
2024.12.16 08:15,0.7867,0.0
2024.12.16 08:30,0.7367,0.0
2024.12.16 14:15,0.0,0.7978
2024.12.16 14:30,0.0,0.8478
2024.12.16 14:45,0.0,0.7978
2024.12.17 08:00,0.0,0.7659
2024.12.17 08:15,0.0,0.8159
2024.12.17 08:30,0.0,0.7659
2024.12.17 08:45,0.7391,0.0
2024.12.17 09:00,0.7891,0.0
2024.12.17 09:15,0.81,0.0
2024.12.17 09:30,0.76,0.0
2024.12.17 09:45,0.0,0.8457
2024.12.17 10:00,0.0,0.7957
2024.12.18 14:00,0.7369,0.0
2024.12.18 14:15,0.7869,0.0
2024.12.18 14:30,0.7369,0.0
2024.12.18 15:00,0.76,0.0
2024.12.18 15:15,0.81,0.0
2024.12.18 15:30,0.76,0.0
2024.12.18 16:00,0.0,0.77
2024.12.18 16:15,0.0,0.82
2024.12.18 16:30,0.0,0.77
2024.12.19 08:15,0.7557,0.0
2024.12.19 08:30,0.8057,0.0
2024.12.19 08:45,0.7557,0.0
2024.12.19 14:30,0.0,0.77
2024.12.19 14:45,0.0,0.82
2024.12.19 15:00,0.0,0.77
2024.12.20 08:15,0.7081,0.0
2024.12.20 08:30,0.7581,0.0
2024.12.20 08:45,0.7081,0.0
2024.12.20 13:30,0.743,0.0
2024.12.20 13:45,0.793,0.0
2024.12.20 14:00,0.743,0.0
2024.12.20 22:30,0.0,0.6951
2024.12.20 22:45,0.0,0.7451
2024.12.20 23:00,0.0,0.6951
2024.12.23 11:45,0.0,0.6962
2024.12.23 12:00,0.0,0.7462
2024.12.23 12:15,0.0,0.6962
2024.12.24 11:00,0.0,0.7013
2024.12.24 11:15,0.0,0.7513
2024.12.24 11:30,0.0,0.7013
2024.12.24 13:30,0.744,0.0
2024.12.24 13:45,0.794,0.0
2024.12.24 14:00,0.744,0.0
2024.12.24 15:30,0.7382,0.0
2024.12.24 15:45,0.7882,0.0
2024.12.24 16:00,0.7382,0.0
2024.12.24 16:30,0.0,0.77
2024.12.24 16:45,0.0,0.82
2024.12.24 17:00,0.0,0.77
2024.12.26 09:00,0.0,0.76
2024.12.26 09:15,0.0,0.81
2024.12.26 09:30,0.0,0.76
2024.12.26 13:30,0.0,0.7427
2024.12.26 13:45,0.0,0.7927
2024.12.26 14:00,0.0,0.7427
2024.12.26 15:15,0.0,0.76
2024.12.26 15:30,0.0,0.81
2024.12.26 15:45,0.0,0.76
2024.12.26 16:00,0.8109,0.0
2024.12.26 16:15,0.8609,0.0
2024.12.26 16:30,0.8109,0.0
2024.12.27 08:00,0.7683,0.0
2024.12.27 08:15,0.8183,0.0
2024.12.27 08:30,0.7683,0.0
2024.12.27 09:45,0.0,0.7561
2024.12.27 10:00,0.0,0.8061
2024.12.27 10:15,0.0,0.7561
2024.12.27 14:30,0.0,0.7413
2024.12.27 14:45,0.0,0.7913
2024.12.27 15:00,0.0,0.7413
2024.12.27 15:45,0.0,0.6998
2024.12.27 16:00,0.0,0.7498
2024.12.27 16:15,0.0,0.6998
2024.12.27 22:00,0.0,0.77
2024.12.27 22:15,0.0,0.82
2024.12.27 22:30,0.0,0.77
2024.12.27 22:45,0.7861,0.0
2024.12.27 23:00,0.7361,0.0
2024.12.30 08:30,0.0,0.7693
2024.12.30 08:45,0.0,0.8193
2024.12.30 09:00,0.0,0.7693
2024.12.30 11:00,0.7368,0.0
2024.12.30 11:15,0.7868,0.0
2024.12.30 11:30,0.7368,0.0
2024.12.30 16:00,0.7595,0.0
2024.12.30 16:15,0.8095,0.0
2024.12.30 16:30,0.7595,0.0
2024.12.31 08:00,0.7428,0.0
2024.12.31 08:15,0.7928,0.0
2024.12.31 08:30,0.7428,0.0
2025.01.02 10:00,0.0,0.759
2025.01.02 10:15,0.0,0.809
2025.01.02 10:30,0.0,0.759
2025.01.06 13:00,0.71,0.0
2025.01.06 13:15,0.76,0.0
2025.01.06 13:30,0.76,0.0
2025.01.06 13:45,0.71,0.0
2025.01.06 14:00,0.0,0.8572
2025.01.06 14:15,0.0,0.8566
2025.01.06 14:30,0.0,0.8066
2025.01.06 15:30,0.0,0.77
2025.01.06 15:45,0.0,0.82
2025.01.06 16:00,0.0,0.77
2025.01.08 10:00,0.0,0.7525
2025.01.08 10:15,0.0,0.8025
2025.01.08 10:30,0.0,0.7525
2025.01.08 13:30,0.803,0.0
2025.01.08 13:45,0.853,0.0
2025.01.08 14:00,0.803,0.0
2025.01.08 14:15,0.82,0.0
2025.01.08 14:30,0.87,0.0
2025.01.08 14:45,0.82,0.0
2025.01.09 08:15,0.7529,0.0
2025.01.09 08:30,0.8029,0.0
2025.01.09 08:45,0.7529,0.0
2025.01.09 09:45,0.0,0.7584
2025.01.09 10:00,0.0,0.8084
2025.01.09 10:15,0.0,0.7584
2025.01.09 23:00,0.7341,0.0
2025.01.09 23:15,0.7841,0.0
2025.01.09 23:30,0.7341,0.0
2025.01.10 08:45,0.0,0.7569
2025.01.10 09:00,0.0,0.8069
2025.01.10 09:15,0.0,0.7569
2025.01.10 13:30,0.0,0.7228
2025.01.10 13:45,0.0,0.7728
2025.01.10 14:00,0.0,0.7228
2025.01.10 14:45,0.8035,0.0
2025.01.10 15:00,0.8535,0.0
2025.01.10 15:15,0.8035,0.0
2025.01.10 15:30,0.82,0.0
2025.01.10 15:45,0.87,0.0
2025.01.10 16:00,0.82,0.0
2025.01.10 22:00,0.81,0.0
2025.01.10 22:15,0.86,0.0
2025.01.10 22:30,0.81,0.0
2025.01.13 10:15,0.82,0.0
2025.01.13 10:30,0.87,0.0
2025.01.13 10:45,0.82,0.0
2025.01.13 14:00,0.0,0.71
2025.01.13 14:15,0.0,0.76
2025.01.13 14:30,0.0,0.71
2025.01.13 22:30,0.7382,0.0
2025.01.13 22:45,0.7882,0.0
2025.01.13 23:00,0.7382,0.0
2025.01.14 10:45,0.0,0.8162
2025.01.14 11:00,0.0,0.8662
2025.01.14 11:15,0.0,0.8434
2025.01.14 11:30,0.0,0.7934
2025.01.14 16:45,0.7455,0.0
2025.01.14 17:00,0.7955,0.0
2025.01.14 17:15,0.7455,0.0
2025.01.15 09:30,0.0,0.7455
2025.01.15 09:45,0.0,0.7955
2025.01.15 10:00,0.0,0.7455
2025.01.16 08:30,0.808,0.0
2025.01.16 08:45,0.858,0.0
2025.01.16 09:00,0.8528,0.0
2025.01.16 09:15,0.8028,0.0
2025.01.16 10:15,0.0,0.7516
2025.01.16 10:30,0.0,0.8016
2025.01.16 10:45,0.0,0.7516
2025.01.16 14:15,0.0,0.757
2025.01.16 14:30,0.0,0.807
2025.01.16 14:45,0.0,0.757
2025.01.17 09:45,0.7986,0.0
2025.01.17 10:00,0.8486,0.0
2025.01.17 10:15,0.7986,0.0
2025.01.17 23:15,0.7963,0.0
2025.01.17 23:30,0.8463,0.0
2025.01.17 23:45,0.7963,0.0
2025.01.20 08:45,0.0,0.76
2025.01.20 09:00,0.0,0.81
2025.01.20 09:15,0.0,0.76
2025.01.20 15:45,0.82,0.0
2025.01.20 16:00,0.87,0.0
2025.01.20 16:15,0.82,0.0
2025.01.21 13:15,0.8059,0.0
2025.01.21 13:30,0.8559,0.0
2025.01.21 13:45,0.8059,0.0
2025.01.22 15:30,0.8125,0.0
2025.01.22 15:45,0.8625,0.0
2025.01.22 16:00,0.8125,0.0
2025.01.23 08:00,0.82,0.0
2025.01.23 08:15,0.87,0.0
2025.01.23 08:30,0.82,0.0
2025.01.23 11:30,0.82,0.0
2025.01.23 11:45,0.87,0.0
2025.01.23 12:00,0.82,0.0
2025.01.23 13:00,0.7963,0.0
2025.01.23 13:15,0.8463,0.0
2025.01.23 13:30,0.7963,0.0
2025.01.24 08:15,0.0,0.7323
2025.01.24 08:30,0.0,0.7823
2025.01.24 08:45,0.0,0.7323
2025.01.24 09:00,0.0,0.7896
2025.01.24 09:15,0.0,0.7396
2025.01.24 10:15,0.7926,0.0
2025.01.24 10:30,0.8426,0.0
2025.01.24 10:45,0.7926,0.0
2025.01.24 16:00,0.0,0.76
2025.01.24 16:15,0.0,0.81
2025.01.24 16:30,0.0,0.76
2025.01.24 23:15,0.7812,0.0
2025.01.24 23:30,0.8312,0.0
2025.01.24 23:45,0.7812,0.0
2025.01.27 09:00,0.0,0.6886
2025.01.27 09:15,0.0,0.7386
2025.01.27 09:30,0.0,0.6886
2025.01.27 10:15,0.7503,0.0
2025.01.27 10:30,0.8003,0.0
2025.01.27 10:45,0.7503,0.0
2025.01.27 14:00,0.0,0.76
2025.01.27 14:15,0.0,0.81
2025.01.27 14:30,0.0,0.76
2025.01.28 08:15,0.0,0.8056
2025.01.28 08:30,0.0,0.8556
2025.01.28 08:45,0.0,0.8056
2025.01.28 09:00,0.764,0.0
2025.01.28 09:15,0.714,0.0
2025.01.28 10:30,0.76,0.0
2025.01.28 10:45,0.81,0.0
2025.01.28 11:00,0.81,0.0
2025.01.28 11:15,0.76,0.0
2025.01.29 15:30,0.82,0.0
2025.01.29 15:45,0.87,0.0
2025.01.29 16:00,0.82,0.0
2025.01.31 09:00,0.82,0.0
2025.01.31 09:15,0.87,0.0
2025.01.31 09:30,0.82,0.0
2025.01.31 10:45,0.7983,0.0
2025.01.31 11:00,0.8483,0.0
2025.01.31 11:15,0.7983,0.0
2025.02.03 08:00,0.7334,0.0
2025.02.03 08:15,0.7834,0.0
2025.02.03 08:30,0.7334,0.0
2025.02.03 10:00,0.77,0.0
2025.02.03 10:15,0.82,0.0
2025.02.03 10:30,0.77,0.0
2025.02.03 11:30,0.0,0.7418
2025.02.03 11:45,0.0,0.7918
2025.02.03 12:00,0.0,0.7852
2025.02.03 12:15,0.0,0.7352
2025.02.03 14:15,0.7511,0.0
2025.02.03 14:30,0.8011,0.0
2025.02.03 14:45,0.82,0.0
2025.02.03 15:00,0.77,0.0
2025.02.03 23:00,0.0,0.6789
2025.02.03 23:15,0.0,0.7289
2025.02.03 23:30,0.0,0.6789
2025.02.04 09:30,0.8182,0.0
2025.02.04 09:45,0.8682,0.0
2025.02.04 10:00,0.8624,0.0
2025.02.04 10:15,0.8124,0.0
2025.02.04 11:30,0.7485,0.0
2025.02.04 11:45,0.7985,0.0
2025.02.04 12:00,0.7485,0.0
2025.02.04 22:30,0.8004,0.0
2025.02.04 22:45,0.8504,0.0
2025.02.04 23:00,0.8004,0.0
2025.02.05 16:30,0.8194,0.0
2025.02.05 16:45,0.8694,0.0
2025.02.05 17:00,0.8194,0.0
2025.02.05 22:00,0.7884,0.0
2025.02.05 22:15,0.8384,0.0
2025.02.05 22:30,0.7884,0.0
2025.02.06 08:30,0.0,0.71
2025.02.06 08:45,0.0,0.76
2025.02.06 09:00,0.0,0.71
2025.02.07 10:45,0.8052,0.0
2025.02.07 11:00,0.8552,0.0
2025.02.07 11:15,0.8052,0.0
2025.02.10 14:15,0.0,0.7354
2025.02.10 14:30,0.0,0.7854
2025.02.10 14:45,0.0,0.7354
2025.02.10 15:15,0.0,0.76
2025.02.10 15:30,0.0,0.81
2025.02.10 15:45,0.0,0.76
2025.02.10 16:00,0.8113,0.0
2025.02.10 16:15,0.8613,0.0
2025.02.10 16:30,0.8113,0.0
2025.02.10 23:00,0.0,0.7204
2025.02.10 23:15,0.0,0.7704
2025.02.10 23:30,0.0,0.7204
2025.02.11 08:15,0.0,0.75
2025.02.11 08:30,0.0,0.8
2025.02.11 08:45,0.0,0.75
2025.02.11 09:15,0.0,0.71
2025.02.11 09:30,0.0,0.76
2025.02.11 09:45,0.0,0.71
2025.02.12 08:15,0.0,0.82
2025.02.12 08:30,0.0,0.87
2025.02.12 08:45,0.0,0.82
2025.02.12 15:45,0.76,0.0
2025.02.12 16:00,0.81,0.0
2025.02.12 16:15,0.76,0.0
2025.02.12 16:30,0.71,0.0
2025.02.12 22:00,0.7841,0.0
2025.02.12 22:15,0.8341,0.0
2025.02.12 22:30,0.8403,0.0
2025.02.12 22:45,0.7903,0.0
2025.02.13 14:30,0.0,0.749
2025.02.13 14:45,0.0,0.799
2025.02.13 15:00,0.0,0.749
2025.02.14 10:15,0.0,0.741
2025.02.14 10:30,0.0,0.791
2025.02.14 10:45,0.0,0.741
2025.02.14 16:00,0.82,0.0
2025.02.14 16:15,0.87,0.0
2025.02.14 16:30,0.82,0.0
2025.02.17 08:00,0.0,0.77
2025.02.17 08:15,0.0,0.82
2025.02.17 08:30,0.0,0.77
2025.02.20 15:30,0.0,0.71
2025.02.20 15:45,0.0,0.76
2025.02.20 16:00,0.0,0.7533
2025.02.20 16:15,0.0,0.7033
2025.02.20 16:30,0.8634,0.0
2025.02.20 16:45,0.8134,0.0
2025.02.20 22:45,0.7974,0.0
2025.02.20 23:00,0.8474,0.0
2025.02.20 23:15,0.7974,0.0
2025.02.21 13:00,0.7033,0.0
2025.02.21 13:15,0.7533,0.0
2025.02.21 13:30,0.7033,0.0
2025.02.21 13:45,0.0,0.8671
2025.02.21 14:00,0.0,0.8171
2025.02.21 16:45,0.0,0.8192
2025.02.21 17:00,0.0,0.8692
2025.02.21 17:15,0.0,0.8192
2025.02.24 10:15,0.0,0.7378
2025.02.24 10:30,0.0,0.7878
2025.02.24 10:45,0.0,0.7378
2025.02.24 13:00,0.7946,0.0
2025.02.24 13:15,0.8446,0.0
2025.02.24 13:30,0.7946,0.0
2025.02.24 16:00,0.0,0.76
2025.02.24 16:15,0.0,0.81
2025.02.24 16:30,0.0,0.76
2025.02.25 08:45,0.8107,0.0
2025.02.25 09:00,0.8607,0.0
2025.02.25 09:15,0.8107,0.0
2025.02.25 10:00,0.8141,0.0
2025.02.25 10:15,0.8641,0.0
2025.02.25 10:30,0.8465,0.0
2025.02.25 10:45,0.7965,0.0
2025.02.25 14:45,0.76,0.0
2025.02.25 15:00,0.81,0.0
2025.02.25 15:15,0.76,0.0
2025.02.25 15:45,0.7432,0.0
2025.02.25 16:00,0.7932,0.0
2025.02.25 16:15,0.7432,0.0
2025.02.25 16:30,0.0,0.8125
2025.02.25 16:45,0.0,0.8625
2025.02.25 17:00,0.0,0.8125
2025.02.26 09:30,0.7441,0.0
2025.02.26 09:45,0.7941,0.0
2025.02.26 10:00,0.7441,0.0
2025.02.26 13:15,0.7181,0.0
2025.02.26 13:30,0.7681,0.0
2025.02.26 13:45,0.7181,0.0
2025.02.26 23:30,0.0,0.7989
2025.02.26 23:45,0.0,0.8489
2025.02.27 01:00,0.0,0.7989
2025.02.28 11:00,0.757,0.0
2025.02.28 11:15,0.807,0.0
2025.02.28 11:30,0.757,0.0
2025.03.03 10:15,0.76,0.0
2025.03.03 10:30,0.81,0.0
2025.03.03 10:45,0.76,0.0
2025.03.03 11:00,0.7939,0.0
2025.03.03 11:15,0.7439,0.0
2025.03.03 22:45,0.8194,0.0
2025.03.03 23:00,0.8694,0.0
2025.03.03 23:15,0.8194,0.0
2025.03.03 23:45,0.0,0.7178
2025.03.04 01:00,0.0,0.7678
2025.03.04 01:15,0.0,0.7178
2025.03.04 08:00,0.0,0.7273
2025.03.04 08:15,0.0,0.7773
2025.03.04 08:30,0.0,0.7273
2025.03.04 08:45,0.8157,0.0
2025.03.04 09:00,0.8657,0.0
2025.03.04 09:15,0.8157,0.0
2025.03.05 13:45,0.8162,0.0
2025.03.05 14:00,0.8662,0.0
2025.03.05 14:15,0.8162,0.0
2025.03.05 16:15,0.8145,0.0
2025.03.05 16:30,0.8645,0.0
2025.03.05 16:45,0.8145,0.0
2025.03.05 22:45,0.0,0.7147
2025.03.05 23:00,0.0,0.7647
2025.03.05 23:15,0.0,0.7147
2025.03.06 09:15,0.0,0.71
2025.03.06 09:30,0.0,0.76
2025.03.06 09:45,0.0,0.71
2025.03.06 16:30,0.6922,0.0
2025.03.06 16:45,0.7422,0.0
2025.03.06 17:00,0.6922,0.0
2025.03.07 08:00,0.6904,0.0
2025.03.07 08:15,0.7404,0.0
2025.03.07 08:30,0.6904,0.0
2025.03.07 13:45,0.8023,0.0
2025.03.07 14:00,0.8523,0.0
2025.03.07 14:15,0.8023,0.0
2025.03.07 16:00,0.82,0.0
2025.03.07 16:15,0.87,0.0
2025.03.07 16:30,0.82,0.0
2025.03.10 08:15,0.751,0.0
2025.03.10 08:30,0.801,0.0
2025.03.10 08:45,0.751,0.0
2025.03.10 09:30,0.0,0.7396
2025.03.10 09:45,0.0,0.7896
2025.03.10 10:00,0.0,0.7396
2025.03.10 11:00,0.76,0.0
2025.03.10 11:15,0.81,0.0
2025.03.10 11:30,0.76,0.0
2025.03.10 13:30,0.7379,0.0
2025.03.10 13:45,0.7879,0.0
2025.03.10 14:00,0.7379,0.0
2025.03.11 08:00,0.7453,0.0
2025.03.11 08:15,0.7953,0.0
2025.03.11 08:30,0.81,0.0
2025.03.11 08:45,0.76,0.0
2025.03.11 14:15,0.7672,0.0
2025.03.11 14:30,0.8172,0.0
2025.03.11 14:45,0.7672,0.0
2025.03.11 15:00,0.0,0.81
2025.03.11 15:15,0.0,0.76
2025.03.12 08:15,0.0,0.76
2025.03.12 08:30,0.0,0.81
2025.03.12 08:45,0.0,0.76
2025.03.12 09:00,0.0,0.71
2025.03.12 09:45,0.8027,0.0
2025.03.12 10:00,0.8527,0.0
2025.03.12 10:15,0.847,0.0
2025.03.12 10:30,0.797,0.0
2025.03.12 15:30,0.7953,0.0
2025.03.12 15:45,0.8453,0.0
2025.03.12 16:00,0.7953,0.0
2025.03.13 14:00,0.0,0.7441
2025.03.13 14:15,0.0,0.7941
2025.03.13 14:30,0.0,0.7441
2025.03.14 08:15,0.8006,0.0
2025.03.14 08:30,0.8506,0.0
2025.03.14 08:45,0.8006,0.0
2025.03.14 09:00,0.0,0.7856
2025.03.14 09:15,0.0,0.7356
2025.03.17 08:15,0.77,0.0
2025.03.17 08:30,0.82,0.0
2025.03.17 08:45,0.77,0.0
2025.03.17 13:45,0.0,0.76
2025.03.17 14:00,0.0,0.81
2025.03.17 14:15,0.0,0.76
2025.03.18 00:00,0.0,0.7431
2025.03.18 00:15,0.0,0.7931
2025.03.18 00:30,0.0,0.7431
2025.03.19 08:00,0.0,0.76
2025.03.19 08:15,0.0,0.81
2025.03.19 08:30,0.0,0.76
2025.03.19 11:00,0.7985,0.0
2025.03.19 11:15,0.8485,0.0
2025.03.19 11:30,0.8346,0.0
2025.03.19 11:45,0.8345,0.0
2025.03.19 12:00,0.7845,0.0
2025.03.19 13:00,0.7866,0.0
2025.03.19 13:15,0.8366,0.0
2025.03.19 13:30,0.7866,0.0
2025.03.20 15:00,0.0,0.71
2025.03.20 15:15,0.0,0.76
2025.03.20 15:30,0.0,0.71
2025.03.20 22:00,0.0,0.7128
2025.03.20 22:15,0.0,0.7628
2025.03.20 22:30,0.0,0.7128
2025.03.21 10:00,0.0,0.8157
2025.03.21 10:15,0.0,0.8657
2025.03.21 10:30,0.783,0.0
2025.03.21 10:45,0.733,0.0
2025.04.01 08:30,0.0,0.76
2025.04.01 08:45,0.0,0.81
2025.04.01 09:00,0.0,0.76
2025.04.01 10:45,0.7901,0.0
2025.04.01 11:00,0.8401,0.0
2025.04.01 11:15,0.7901,0.0
2025.04.02 08:30,0.82,0.0
2025.04.02 08:45,0.87,0.0
2025.04.02 09:00,0.82,0.0
2025.04.02 11:15,0.7552,0.0
2025.04.02 11:30,0.8052,0.0
2025.04.02 11:45,0.7552,0.0
2025.04.02 13:30,0.0,0.76
2025.04.02 13:45,0.0,0.81
2025.04.02 14:00,0.869,0.0
2025.04.02 14:15,0.819,0.0
2025.04.02 16:30,0.0,0.7512
2025.04.02 16:45,0.0,0.8012
2025.04.02 17:00,0.0,0.7512
2025.04.02 23:00,0.82,0.0
2025.04.02 23:15,0.87,0.0
2025.04.02 23:30,0.82,0.0
2025.04.03 22:30,0.7379,0.0
2025.04.03 22:45,0.7879,0.0
2025.04.03 23:00,0.7379,0.0
2025.04.04 08:00,0.7369,0.0
2025.04.04 08:15,0.7869,0.0
2025.04.04 08:30,0.7369,0.0
2025.04.04 14:15,0.0,0.7956
2025.04.04 14:30,0.0,0.8456
2025.04.04 14:45,0.0,0.7956
2025.05.01 15:15,0.82,0.0
2025.05.01 15:30,0.87,0.0
2025.05.01 15:45,0.82,0.0
2025.05.02 09:15,0.0,0.76
2025.05.02 09:30,0.0,0.81
2025.05.02 09:45,0.0,0.76
2025.05.02 14:30,0.0,0.7289
2025.05.02 14:45,0.0,0.7789
2025.05.02 15:00,0.0,0.7289
2025.05.02 22:30,0.7937,0.0
2025.05.02 22:45,0.8437,0.0
2025.05.02 23:00,0.7937,0.0
2025.05.02 23:15,0.8312,0.0
2025.05.02 23:30,0.7812,0.0
2025.05.05 14:15,0.0,0.7329
2025.05.05 14:30,0.0,0.7829
2025.05.05 14:45,0.0,0.7329
2025.05.06 08:45,0.8157,0.0
2025.05.06 09:00,0.8657,0.0
2025.05.06 09:15,0.8157,0.0
2025.05.06 14:00,0.0,0.7229
2025.05.06 14:15,0.0,0.7729
2025.05.06 14:30,0.0,0.7229
2025.05.07 10:15,0.0,0.7497
2025.05.07 10:30,0.0,0.7997
2025.05.07 10:45,0.0,0.7497
2025.05.07 13:00,0.82,0.0
2025.05.07 13:15,0.87,0.0
2025.05.07 13:30,0.82,0.0
2025.05.07 16:15,0.757,0.0
2025.05.07 16:30,0.807,0.0
2025.05.07 16:45,0.757,0.0
2025.05.07 17:00,0.0,0.7825
2025.05.07 17:15,0.0,0.7325
2025.05.08 08:45,0.0,0.71
2025.05.08 09:00,0.0,0.76
2025.05.08 09:15,0.0,0.71
2025.05.08 22:30,0.7545,0.0
2025.05.08 22:45,0.8045,0.0
2025.05.08 23:00,0.7545,0.0
2025.05.09 08:15,0.0,0.796
2025.05.09 08:30,0.0,0.846
2025.05.09 08:45,0.0,0.796
2025.05.09 10:00,0.0,0.8066
2025.05.09 10:15,0.0,0.8566
2025.05.09 10:30,0.0,0.8066
2025.05.09 14:00,0.76,0.0
2025.05.09 14:15,0.81,0.0
2025.05.09 14:30,0.76,0.0
2025.05.09 16:30,0.0,0.805
2025.05.09 16:45,0.0,0.855
2025.05.09 17:00,0.0,0.805
2025.05.09 22:45,0.7346,0.0
2025.05.09 23:00,0.7846,0.0
2025.05.09 23:15,0.7346,0.0
2025.05.12 08:45,0.7484,0.0
2025.05.12 09:00,0.7984,0.0
2025.05.12 09:15,0.7484,0.0
2025.05.13 10:00,0.0,0.795
2025.05.13 10:15,0.0,0.845
2025.05.13 10:30,0.0,0.795
2025.05.13 15:00,0.0,0.77
2025.05.13 15:15,0.0,0.82
2025.05.13 15:30,0.0,0.77
2025.05.14 08:30,0.7591,0.0
2025.05.14 08:45,0.8091,0.0
2025.05.14 09:00,0.7591,0.0
2025.05.14 09:45,0.0,0.8105
2025.05.14 10:00,0.0,0.8605
2025.05.14 10:15,0.0,0.8105
2025.05.14 14:30,0.0,0.77
2025.05.14 14:45,0.0,0.82
2025.05.14 15:00,0.0,0.77
2025.05.14 22:15,0.7379,0.0
2025.05.14 22:30,0.7879,0.0
2025.05.14 22:45,0.7948,0.0
2025.05.14 23:00,0.7448,0.0
2025.05.15 13:00,0.7006,0.0
2025.05.15 13:15,0.7506,0.0
2025.05.15 13:30,0.7006,0.0
2025.05.15 16:15,0.0,0.8085
2025.05.15 16:30,0.0,0.8585
2025.05.15 16:45,0.0,0.8085
2025.05.15 22:00,0.6734,0.0
2025.05.15 22:15,0.7234,0.0
2025.05.15 22:30,0.7537,0.0
2025.05.15 22:45,0.7037,0.0
2025.05.16 09:15,0.0,0.76
2025.05.16 09:30,0.0,0.81
2025.05.16 09:45,0.0,0.76
2025.05.16 10:15,0.8134,0.0
2025.05.16 10:30,0.8634,0.0
2025.05.16 10:45,0.8134,0.0
2025.05.16 15:00,0.7512,0.0
2025.05.16 15:15,0.8012,0.0
2025.05.16 15:30,0.795,0.0
2025.05.16 15:45,0.745,0.0
2025.05.19 09:15,0.0,0.7394
2025.05.19 09:30,0.0,0.7894
2025.05.19 09:45,0.0,0.7394
2025.05.19 14:45,0.0,0.7365
2025.05.19 15:00,0.0,0.7865
2025.05.19 15:15,0.0,0.7365
2025.05.20 11:30,0.7547,0.0
2025.05.20 11:45,0.8047,0.0
2025.05.20 12:00,0.7547,0.0
2025.05.21 15:30,0.8097,0.0
2025.05.21 15:45,0.8597,0.0
2025.05.21 16:00,0.8097,0.0
2025.05.21 22:45,0.0,0.7487
2025.05.21 23:00,0.0,0.7987
2025.05.21 23:15,0.0,0.7487
2025.05.22 11:15,0.0,0.71
2025.05.22 11:30,0.0,0.76
2025.05.22 11:45,0.0,0.71
2025.05.22 14:00,0.82,0.0
2025.05.22 14:15,0.87,0.0
2025.05.22 14:30,0.82,0.0
2025.05.23 08:00,0.754,0.0
2025.05.23 08:15,0.804,0.0
2025.05.23 08:30,0.754,0.0
2025.05.23 08:45,0.77,0.0
2025.05.23 09:00,0.82,0.0
2025.05.23 09:15,0.77,0.0
2025.05.26 09:45,0.0,0.71
2025.05.26 10:00,0.0,0.76
2025.05.26 10:15,0.0,0.71
2025.05.28 08:00,0.7498,0.0
2025.05.28 08:15,0.7998,0.0
2025.05.28 08:30,0.7498,0.0
2025.05.28 08:45,0.0,0.7904
2025.05.28 09:00,0.0,0.8404
2025.05.28 09:15,0.0,0.7904
2025.05.28 13:00,0.0,0.8039
2025.05.28 13:15,0.0,0.8539
2025.05.28 13:30,0.0,0.8039
2025.05.28 13:45,0.0,0.7951
2025.05.28 14:00,0.0,0.8451
2025.05.28 14:15,0.0,0.7951
2025.05.28 22:00,0.0,0.82
2025.05.28 22:15,0.0,0.87
2025.05.28 22:30,0.0,0.82
2025.05.29 10:00,0.7542,0.0
2025.05.29 10:15,0.8042,0.0
2025.05.29 10:30,0.7542,0.0
2025.05.30 08:00,0.8083,0.0
2025.05.30 08:15,0.8583,0.0
2025.05.30 08:30,0.8657,0.0
2025.05.30 08:45,0.8157,0.0
2025.05.30 13:15,0.0,0.7468
2025.05.30 13:30,0.0,0.7968
2025.05.30 13:45,0.0,0.7468
2025.05.30 16:00,0.0,0.7979
2025.05.30 16:15,0.0,0.8479
2025.05.30 16:30,0.0,0.8633
2025.05.30 16:45,0.0,0.8133
2025.05.30 23:00,0.0,0.7947
2025.05.30 23:15,0.0,0.8447
2025.05.30 23:30,0.0,0.7947
2025.06.03 08:30,0.8063,0.0
2025.06.03 08:45,0.8563,0.0
2025.06.03 09:00,0.8063,0.0
2025.06.03 15:15,0.82,0.0
2025.06.03 15:30,0.87,0.0
2025.06.03 15:45,0.82,0.0
2025.06.03 22:00,0.0,0.7263
2025.06.03 22:15,0.0,0.7763
2025.06.03 22:30,0.0,0.7263
2025.06.04 10:30,0.0,0.7447
2025.06.04 10:45,0.0,0.7947
2025.06.04 11:00,0.0,0.7447
2025.06.04 15:30,0.8111,0.0
2025.06.04 15:45,0.8611,0.0
2025.06.04 16:00,0.8111,0.0
2025.06.06 08:00,0.0,0.7277
2025.06.06 08:15,0.0,0.7777
2025.06.06 08:30,0.0,0.7277
2025.06.06 09:45,0.8099,0.0
2025.06.06 10:00,0.8599,0.0
2025.06.06 10:15,0.8099,0.0
2025.06.09 09:00,0.703,0.0
2025.06.09 09:15,0.753,0.0
2025.06.09 09:30,0.703,0.0
2025.06.09 13:15,0.0,0.7491
2025.06.09 13:30,0.0,0.7991
2025.06.09 13:45,0.0,0.7491
2025.06.09 22:30,0.0,0.8079
2025.06.09 22:45,0.0,0.8579
2025.06.09 23:00,0.0,0.8079
2025.06.10 09:15,0.6958,0.0
2025.06.10 09:30,0.7458,0.0
2025.06.10 09:45,0.6958,0.0
2025.06.10 14:30,0.0,0.82
2025.06.10 14:45,0.0,0.87
2025.06.10 15:00,0.0,0.87
2025.06.10 15:15,0.0,0.82
2025.06.10 16:15,0.71,0.0
2025.06.10 16:30,0.76,0.0
2025.06.10 16:45,0.71,0.0
2025.06.10 22:00,0.7517,0.0
2025.06.10 22:15,0.8017,0.0
2025.06.10 22:30,0.76,0.0
2025.06.10 22:45,0.71,0.0
2025.06.10 23:15,0.0,0.8063
2025.06.10 23:30,0.0,0.8563
2025.06.10 23:45,0.0,0.8063
2025.06.11 01:00,0.0,0.8261
2025.06.11 01:15,0.0,0.7761
2025.06.11 14:00,0.8021,0.0
2025.06.11 14:15,0.8521,0.0
2025.06.11 14:30,0.8021,0.0
2025.06.12 08:00,0.8018,0.0
2025.06.12 08:15,0.8518,0.0
2025.06.12 08:30,0.8018,0.0
2025.06.12 09:00,0.0,0.6972
2025.06.12 09:15,0.0,0.7472
2025.06.12 09:30,0.87,0.0
2025.06.12 09:45,0.82,0.0
2025.06.12 13:00,0.7872,0.0
2025.06.12 13:15,0.8372,0.0
2025.06.12 13:30,0.7872,0.0
2025.06.13 08:30,0.798,0.0
2025.06.13 08:45,0.848,0.0
2025.06.13 09:00,0.798,0.0
2025.06.13 11:00,0.8089,0.0
2025.06.13 11:15,0.8589,0.0
2025.06.13 11:30,0.8089,0.0
2025.06.13 16:30,0.0,0.746
2025.06.13 16:45,0.0,0.796
2025.06.13 17:00,0.0,0.746
2025.07.03 13:45,0.0,0.7353
2025.07.03 14:00,0.0,0.7853
2025.07.03 14:15,0.0,0.8112
2025.07.03 14:30,0.0,0.7612
2025.07.03 14:45,0.7376,0.0
2025.07.03 15:00,0.7876,0.0
2025.07.03 15:15,0.7376,0.0
2025.07.03 15:45,0.76,0.0
2025.07.03 16:00,0.81,0.0
2025.07.03 16:15,0.7974,0.0
2025.07.03 16:30,0.7474,0.0
2025.07.04 10:30,0.71,0.0
2025.07.04 10:45,0.76,0.0
2025.07.04 11:00,0.71,0.0
2025.07.04 13:30,0.6963,0.0
2025.07.04 13:45,0.7463,0.0
2025.07.04 14:00,0.6963,0.0
2025.07.04 16:45,0.0,0.8115
2025.07.04 17:00,0.0,0.8615
2025.07.04 17:15,0.0,0.8115
2025.07.07 11:00,0.7487,0.0
2025.07.07 11:15,0.7987,0.0
2025.07.07 11:30,0.7487,0.0
2025.07.07 13:45,0.76,0.0
2025.07.07 14:00,0.81,0.0
2025.07.07 14:15,0.76,0.0
2025.07.07 15:45,0.0,0.7956
2025.07.07 16:00,0.0,0.8456
2025.07.07 16:15,0.0,0.7956
2025.07.08 08:00,0.8161,0.0
2025.07.08 08:15,0.8661,0.0
2025.07.08 08:30,0.8161,0.0
2025.07.08 10:15,0.0,0.76
2025.07.08 10:30,0.0,0.81
2025.07.08 10:45,0.8494,0.0
2025.07.08 11:00,0.7994,0.0
2025.07.08 11:30,0.0,0.6913
2025.07.08 11:45,0.0,0.7413
2025.07.08 12:00,0.0,0.6913
2025.07.08 23:45,0.7344,0.0
2025.07.09 01:00,0.7844,0.0
2025.07.09 01:15,0.7344,0.0
2025.07.09 16:45,0.71,0.0
2025.07.09 17:00,0.76,0.0
2025.07.09 17:15,0.71,0.0
2025.07.10 09:15,0.0,0.7551
2025.07.10 09:30,0.0,0.8051
2025.07.10 09:45,0.0,0.7551
2025.07.11 08:30,0.0,0.76
2025.07.11 08:45,0.0,0.81
2025.07.11 09:00,0.0,0.76
2025.07.11 09:30,0.0,0.7545
2025.07.11 09:45,0.0,0.8045
2025.07.11 10:00,0.0,0.7545
